Client;Count_CA;Count_SA;Count_MF;Count_OVD;Count_CC;Count_CL;ActBal_CA;ActBal_SA;ActBal_MF;ActBal_OVD;ActBal_CC;ActBal_CL
1;1;;;1;;;1333.802857;;;0;;
2;1;1;;;;;110.7685714;13326.19036;;;;
3;1;;1;;;;482.6546429;;107.2517857;;;
4;1;1;;;1;;1599.840714;76.43714286;;;1110.381786;
5;1;1;;;;;5353.483929;8079.715714;;;;
6;1;;;;;1;4.297142857;;;;;1982.071071
7;1;;;;;;879.685;;;;;
8;1;;;1;;;0;;;326.9692857;;
9;1;;;1;;;510.1664286;;;0;;
10;1;1;;;;;253.4589286;116.7092857;;;;
11;1;1;;;;;709.9025;5.590357143;;;;
12;1;;;;;;1075.475;;;;;
13;1;1;;;;1;353.8396429;5.8325;;;;3458.295714
14;1;1;2;;1;1;23.34464286;403.6592857;13184.9225;;53.13214286;17062.32429
15;1;;;;;;1.545357143;;;;;
16;1;1;2;;;;10015.92464;31.65857143;68246.335;;;
17;1;;;;;;338.7764286;;;;;
18;1;;;;1;;935.9632143;;;;1016.2925;
19;1;1;;;;;26118.09857;71661.59286;;;;
20;1;1;;;;;2194.472143;18302.0625;;;;
21;1;1;;;;;434.7425;173499.8629;;;;
22;1;;;;;;2492.146786;;;;;
23;1;2;4;1;;;22.96714286;25325.43786;868.7035714;333.4007143;;
24;1;;;;;;227.3110714;;;;;
25;1;;;;;;79.38107143;;;;;
26;1;;1;1;;;1868.234286;;61064.28571;0;;
27;1;;;1;;;1649.98;;;0;;
28;1;;;;;;14.60678571;;;;;
29;1;;;1;;;373.3542857;;;0;;
30;1;1;2;1;1;;162.4825;0.323928571;0;510.7796429;26.38357143;
31;1;;;;1;1;2336.850714;;;;613.6017857;679.5007143
32;2;;;1;;1;12295.25857;;;0;;14708.57143
33;1;;;;;;18635.57536;;;;;
34;1;1;3;1;1;;188.6085714;1343.258929;0;0;728.6689286;
35;1;;;1;;;14.86321429;;;0;;
36;1;1;2;;;;60.99785714;1912.6325;3697.8375;;;
37;1;1;;;;;19.01357143;3850.173214;;;;
38;1;1;;;;;6398.112143;7908.883214;;;;
39;1;;;;;1;1548.2375;;;;;286.7235714
40;1;;;;;;871.7367857;;;;;
41;1;;;1;;;194.9557143;;;1373.342857;;
42;1;;12;;;;875.3714286;;0;;;
43;1;;;1;;;26315.77036;;;0;;
44;1;;;;;;186.8460714;;;;;
45;1;1;;;;;0;38757.89464;;;;
46;1;1;1;;;;503.9935714;3628.388571;1891.052143;;;
47;1;1;5;;;;622.2275;1537.054286;0;;;
48;1;;5;1;;;2418.3175;;59721.75929;0;;
49;2;;;;;;4.145357143;;;;;
50;1;;;;;;169.5635714;;;;;
51;1;1;;1;;;1856.718571;5.896071429;;0;;
52;1;;;;1;;960.5725;;;;0.464285714;
53;1;1;9;1;1;;0;7522.666429;83343.19786;531.1228571;398.3478571;
54;1;;;;;1;4.55;;;;;7857.142857
55;1;;;;;;735.1589286;;;;;
56;1;1;;;;;583.7142857;2907.094286;;;;
57;1;;;;;;1155.26;;;;;
58;1;;6;;;;1263.052857;;1793.9;;;
59;1;;;;;;5676.246429;;;;;
60;1;;;;;;3891.116071;;;;;
61;1;;;;;;232.8353571;;;;;
62;1;;;;;;317.9525;;;;;
63;1;1;2;;;;351.8014286;17220.45286;5616.197857;;;
64;1;;;1;;;0.759642857;;;0;;
65;1;;;;;;220.4589286;;;;;
66;1;1;1;;1;;101.3239286;4104.848929;0;;671.9992857;
67;1;;;;;;1682.813214;;;;;
68;1;;;1;;;4714.448214;;;0;;
69;1;;;;;;1909.81;;;;;
70;1;;;;;;346.4853571;;;;;
71;1;;;1;;;53.59607143;;;0;;
72;1;;;;;;1377.374286;;;;;
73;1;1;1;1;;;179.3571429;21.01607143;53571.42857;0;;
74;1;1;;;1;;736.7660714;0;;;18.76214286;
75;1;1;35;;;;3707.065714;5589.0225;4392.478571;;;
76;1;;;1;1;1;178.3085714;;;0;886.5778571;3447.673571
77;1;;;;;;168.1757143;;;;;
78;1;;;;;;3684.754286;;;;;
79;1;2;1;;;;340.195;901.5539286;4771.731071;;;
80;1;;;;;;2756.826786;;;;;
81;1;;;;;;5860.190714;;;;;
82;1;;1;;;;11324.90786;;34612.79036;;;
83;1;3;7;;;;14.855;90800.88214;0;;;
84;2;;;;;;0;;;;;
85;1;;;1;;;364.4975;;;0;;
86;1;;;;;;34.32214286;;;;;
87;1;;19;;;;826.4403571;;1035.577143;;;
88;1;;;;;;7153.65;;;;;
89;1;1;2;;;;137.7014286;893.1703571;1462.066071;;;
90;1;;;;;;649.5714286;;;;;
91;1;;;;;;0;;;;;
92;1;;;;;;2728.945714;;;;;
93;1;2;;1;1;;8.870357143;3655.818929;;23.06428571;1.428571429;
94;1;1;;;;;8079.0425;7620.556071;;;;
95;1;;;1;;1;3662.217857;;;0;;2812.066786
96;1;1;2;;;;22.32857143;2077.6125;14285.71429;;;
97;1;1;;1;;1;67.9925;6082.56;;142.0660714;;809.465
98;1;;;1;;;468.4696429;;;0;;
99;1;;12;;;;22.89857143;;4689.070357;;;
100;1;;;;1;1;0;;;;247.4932143;802.8071429
101;1;1;2;;;;473.3592857;452.2821429;14429.05143;;;
102;1;;;1;;;48.77107143;;;114.14;;
103;1;;;;;;42.99071429;;;;;
104;1;1;1;;;;501.29;41481.50786;0;;;
105;1;;;;;;670.2957143;;;;;
106;1;;3;;;;112.35;;0;;;
107;1;;;;;;23.33071429;;;;;
108;1;2;;1;;;816.8389286;0;;0;;
109;1;;;;;;1113.518571;;;;;
110;1;1;1;;;;62.47035714;1146.495714;0;;;
111;1;;;1;;;0;;;31.5575;;
112;1;;;;;;204.4614286;;;;;
113;1;;;1;;1;50.78071429;;;0;;17300.48964
114;1;;;;1;;35.71428571;;;;1068.209643;
115;1;;;;;;415.8978571;;;;;
116;1;;;;;;637.8357143;;;;;
117;4;;;1;;;0;;;0;;
118;1;1;2;;;;1184.938214;5876.281429;23214.28571;;;
119;1;1;3;;;;194.9589286;3573.113214;8287.8875;;;
120;1;2;;;;;156.8175;4.548571429;;;;
121;1;1;1;1;1;;37.82142857;541.4121429;329.6078571;98.14071429;2.357142857;
122;1;;;;;;1392.766786;;;;;
123;2;;;;;;8883.968214;;;;;
124;1;;;1;;;120.495;;;0;;
125;1;;;1;1;;0;;;0;108.1207143;
126;1;;;1;;;70.79964286;;;0;;
127;1;;;1;;;2893.112857;;;676.7528571;;
128;1;;;1;;;31.29285714;;;0;;
129;1;;;;;;1103.658571;;;;;
130;1;;;1;;;12.75035714;;;681.5203571;;
131;1;;;;;;898.485;;;;;
132;1;1;;;;;79.41857143;1259.155;;;;
133;1;;;;;;140.6675;;;;;
134;1;;;;;1;2809.197857;;;;;7237.215357
135;1;;;;;;184.1060714;;;;;
136;1;;;;;;564.9810714;;;;;
137;3;;1;;;;185.7221429;;0;;;
138;1;;;;;;114.5914286;;;;;
139;1;;;1;1;;1653.963214;;;0;940.5742857;
140;1;;;1;;;7337.821786;;;0;;
141;1;1;4;;;;36.60178571;4264.655;0;;;
142;1;;;;;;1511.683929;;;;;
143;1;;;;1;;0;;;;853.2671429;
144;1;;;;;;1214.792143;;;;;
145;1;1;;;;;78.52464286;57205.47107;;;;
146;1;;;;;;0.258214286;;;;;
147;1;;;;;;125.5625;;;;;
148;1;;3;;;;132.0985714;;5560.714286;;;
149;1;;;;;;574.6835714;;;;;
150;1;;;1;;;11.59428571;;;0;;
151;1;1;;;;;3053.753929;42257.00179;;;;
152;1;;;1;;;4230.166429;;;0;;
153;1;1;;1;;;936.1510714;2514.216071;;0;;
154;1;;;;;;785.9264286;;;;;
155;1;;;;;;0;;;;;
156;1;1;1;;;;417.8764286;6458.979286;9760.005357;;;
157;1;;;;;;3970.271786;;;;;
158;1;1;;;;;326.6303571;16117.89714;;;;
159;1;;;;;;1577.568214;;;;;
160;1;;;;;;3314.279643;;;;;
161;1;1;2;;;;154.9292857;86.97535714;32280.21393;;;
162;1;;;;;;1.964642857;;;;;
163;1;1;2;;;;1304.829643;3096.087143;1687.600357;;;
164;1;1;9;;;;2690.460357;2579.983214;2851.120714;;;
165;1;;;;;;17.86857143;;;;;
166;1;;;1;;1;15.79714286;;;754.9014286;;2216.481429
167;1;;;;;;3446.811429;;;;;
168;1;1;;1;;;71.42857143;17921.30929;;0;;
169;1;;;;;;1106.425714;;;;;
170;1;;;;;;0;;;;;
171;1;;;;;;4112.732857;;;;;
172;1;3;;;1;;0.041428571;4191.274286;;;28.97142857;
173;1;;;;;;3913.798214;;;;;
174;1;;;1;;1;70.76928571;;;532.6325;;14233.63607
175;1;;;;;2;0.070714286;;;;;20749.29464
176;1;;;;;;343.9407143;;;;;
177;1;;;;;;3515.777143;;;;;
178;1;1;;;;;86.61035714;0.110357143;;;;
179;1;;;;;;11.68464286;;;;;
180;1;;;;;;902.4875;;;;;
181;1;1;;;;;549.2064286;36.61321429;;;;
182;1;;;;;;443.9885714;;;;;
183;1;;;;;;4726.620714;;;;;
184;1;;;;;;160.9032143;;;;;
185;1;;;;;;5733.328214;;;;;
186;1;;;1;;1;981.5882143;;;0;;8742.690357
187;1;1;25;;;;923.9675;456.4010714;0;;;
188;1;;;1;;;748.6853571;;;0;;
189;2;;;;;1;18245.91321;;;;;6001.416786
190;1;1;;1;;;3732.89;6177.329643;;157.9267857;;
191;1;;;;;;1047.586071;;;;;
192;1;2;4;;;;5.295357143;12783.565;367.8571429;;;
193;1;1;;;;;142.9532143;106.1528571;;;;
194;1;;;;;;239.0639286;;;;;
195;1;;;;;;5826.981429;;;;;
196;1;1;;;;;56.39607143;0.045714286;;;;
197;1;1;4;;;;686.3078571;191591.1896;0;;;
198;1;;3;;;;3991.991429;;0;;;
199;1;;;;;1;151.8246429;;;;;4461.236429
200;2;;2;;1;;0;;0;;476.7142857;
201;2;;;;;;5112.856429;;;;;
202;1;;;1;1;;42.95142857;;;0;254.9896429;
203;1;;;;;;10.77285714;;;;;
204;1;;;;;;0.682142857;;;;;
205;1;;;1;;;3234.503214;;;29.37607143;;
206;1;1;;;;;11335.07071;22893.82286;;;;
207;1;;;;;;176.6514286;;;;;
208;1;;;;;;1.04;;;;;
209;1;;;;;;6833.382857;;;;;
210;1;1;7;1;1;1;60226.14179;2501.696786;0;0;494.0885714;1193.524643
211;1;1;15;1;;;6047.588214;1610.681429;303.2432143;272.9392857;;
212;1;;;1;;;226.8142857;;;386.6507143;;
213;1;;;;;;2462.121786;;;;;
214;1;;;1;1;;565.8;;;0;3522.233571;
215;1;;;;;;12891.62679;;;;;
216;1;;;1;;;192.0907143;;;246.5178571;;
217;1;1;;;;;8134.361429;0;;;;
218;1;;;1;;1;121.6953571;;;0;;1280.531429
219;1;1;27;;;;1400.168929;389883.8307;15095.64929;;;
220;1;;;1;;1;252.3603571;;;0;;293.5996429
221;1;;;;1;;1442.284643;;;;0;
222;1;;;;;;0;;;;;
223;1;;;;;;1899.333214;;;;;
224;1;;1;;;;215.4725;;0;;;
225;1;;;1;;;345.6860714;;;618.3975;;
226;1;;;;;;15718.97786;;;;;
227;1;1;8;;;;4710.719643;7194.881071;0;;;
228;1;1;;;;;10138.79;1.109285714;;;;
229;2;;;;;;264.9557143;;;;;
230;1;;;1;;;74934.95607;;;0;;
231;2;;;1;;;113.7810714;;;0;;
232;1;;;;;;33.35428571;;;;;
233;1;;;;;;15.98214286;;;;;
234;1;;;1;;;856.3446429;;;418.7875;;
235;1;;;;;1;253.8321429;;;;;1685.725
236;1;;;;;;561.1032143;;;;;
237;1;;;;;;125.0178571;;;;;
238;1;;;;;;563.4078571;;;;;
239;1;1;10;;;;0;2.944285714;227237.1043;;;
240;1;;1;;;;299.4692857;;6123.713214;;;
241;1;;;;;;170.8567857;;;;;
242;1;;;;;;708.8621429;;;;;
243;1;1;11;;;;534.6296429;83283.00821;0;;;
244;1;;;;;;5.642857143;;;;;
245;1;;;;;;284.3885714;;;;;
246;2;;;;;1;2588.348929;;;;;229.3585714
247;1;1;;;1;;689.3110714;351.8667857;;;0;
248;1;;;;;;776.5903571;;;;;
249;1;1;;;;;42.99535714;1733.5775;;;;
250;1;;;;;;536.9514286;;;;;
251;1;1;;;;;0;6432.6;;;;
252;1;1;;;;;130.7335714;8247.858214;;;;
253;1;;;1;1;;64.68964286;;;0;779.2857143;
254;1;;;1;;;1049.062143;;;0;;
255;2;;;;;;0.2075;;;;;
256;1;;;1;;;572.1632143;;;0;;
257;1;;;;;1;265.5046429;;;;;9723.523214
258;1;;;;;;0;;;;;
259;1;1;10;;;;3260.116429;15882.94607;7542.775;;;
260;1;;;;;;1927.521071;;;;;
261;1;;;;;;194.695;;;;;
262;1;;;;;;2614.333571;;;;;
263;1;;;;;;40.81285714;;;;;
264;1;;;;;;4483.517143;;;;;
265;1;;;;;;17.79571429;;;;;
266;1;;;;;;1033.077857;;;;;
267;1;;;;;;0;;;;;
268;1;;11;;;;9317.071786;;35232.29536;;;
269;1;1;;1;;;611.0925;11325.13179;;984.7853571;;
270;1;;;;;;101.3267857;;;;;
271;1;2;1;;;;0.001428571;3822.741786;4394.670714;;;
272;1;;;;;;716.3985714;;;;;
273;1;;;;;;755.7260714;;;;;
274;1;;;;;;30.44428571;;;;;
275;1;;;;;;5221.425714;;;;;
276;1;;9;;;;18.98821429;;66108.25214;;;
277;1;;;1;;;423.3692857;;;0;;
278;2;;;;;;272.3232143;;;;;
279;3;;;1;;;937.21;;;0;;
280;1;;;;;;0;;;;;
281;1;;1;;;;355.7167857;;26801.155;;;
282;1;1;;1;;;750.2471429;6746.3125;;0;;
283;1;;;;;;571.7292857;;;;;
284;1;;;;;;2505.563571;;;;;
285;1;;;;;;89.44571429;;;;;
286;1;;2;;;;22.43821429;;7512.695357;;;
287;1;;;;;;1681.391786;;;;;
288;1;;;;;;3661.958214;;;;;
289;1;1;2;1;;;152.8221429;6597.335;0;0;;
290;1;;;;;;132.9814286;;;;;
291;2;;;;;;805.28;;;;;
292;1;;;;;;1602.518214;;;;;
293;1;;;;;;183.7814286;;;;;
294;1;1;13;;;;13.18178571;18834.435;0;;;
295;2;;;;;;2414.488214;;;;;
296;1;;;;;;281.0967857;;;;;
297;1;;;1;;;906.7657143;;;0;;
298;1;2;3;1;1;;18.73964286;71.73214286;0;0;0;
299;1;;8;;;;136.6928571;;0;;;
300;1;;;;;;0;;;;;
301;1;;;;1;;1231.442143;;;;506.2821429;
302;1;1;1;;;;86.52964286;24364.765;0;;;
303;3;;;1;1;;3032.8325;;;277.9878571;251.9357143;
304;1;;;;;1;1354.99;;;;;7570.783929
305;1;;;;;;234.4646429;;;;;
306;1;1;;;;;224.4542857;901.3535714;;;;
307;1;2;3;;;;1019.468214;9017.009643;11980.37857;;;
308;1;;;;;;286.4214286;;;;;
309;1;;;;;;3116.859286;;;;;
310;1;;;;;;0;;;;;
311;1;;3;;;;5780.183929;;22495.41179;;;
312;2;;;1;;;306.6557143;;;0;;
313;2;;;1;;;0;;;0;;
314;1;1;4;;;;3948.0425;3.310357143;714285.7143;;;
315;1;;;;;;120.7371429;;;;;
316;1;;;;;;22.73357143;;;;;
317;1;;;;;;6.373928571;;;;;
318;1;;;;;;5254.225357;;;;;
319;2;1;1;1;;;6808.313571;29032.54964;696.8657143;136.0403571;;
320;1;;;;;;86.42857143;;;;;
321;1;1;;1;;;166.755;2691.266786;;0;;
322;1;1;;;;;2175.27;128617.5911;;;;
323;1;;;;;;3743.776429;;;;;
324;1;;1;;;;11581.94821;;202941.6089;;;
325;1;;;;;2;38.90178571;;;;;5285.632143
326;1;;1;;;;30.425;;0;;;
327;1;2;;1;;;5811.818571;1796.83;;0;;
328;1;;;;;;2.415;;;;;
329;1;1;;;;;0;7837.599286;;;;
330;1;;1;;;;380.0489286;;0;;;
331;1;;;;;;0;;;;;
332;1;;;;;;80.32857143;;;;;
333;1;;;;;;97.43107143;;;;;
334;1;;;;;;23516.17143;;;;;
335;1;;;;;;157.9239286;;;;;
336;1;1;;1;1;;28.7925;989.6375;;0;531.7671429;
337;1;1;;1;;;188.9532143;3591.730714;;874.18;;
338;1;;;;;;1889.411429;;;;;
339;1;;;;;;490.9314286;;;;;
340;1;1;;;;;2380.045714;50040.89179;;;;
341;1;;;;;;1724.347857;;;;;
342;1;;5;;;1;5435.900714;;9499.571429;;;14516.52429
343;1;;;1;;;3723.582143;;;0;;
344;1;1;;1;;;2275.505357;41899.29107;;0;;
345;1;;;1;;;11166.44607;;;0;;
346;1;;;1;;;248.7714286;;;468.0807143;;
347;1;;;;;;6444.010714;;;;;
348;1;1;;1;;1;1054.365;12127.58964;;0;;6622.200357
349;2;2;;;;;247.4267857;0.091785714;;;;
350;1;;;1;;;0;;;0;;
351;1;1;;;;;4783.925357;5770.629286;;;;
352;1;1;;;;;1833.338214;219368.6464;;;;
353;1;1;1;;;;985.76;1437.146786;39006.6;;;
354;1;1;1;;;;371.3732143;27122.08571;0;;;
355;1;;;;;;174.485;;;;;
356;1;;;;;;325.75;;;;;
357;1;;;;;;296.3975;;;;;
358;1;;;;;;0.2425;;;;;
359;1;1;;1;;;491.9621429;10719.37786;;0;;
360;4;1;;;;;5871.232143;18085.48821;;;;
361;1;1;1;;;;1642.260357;1586.656786;1714.285714;;;
362;3;1;;1;;;677.8960714;3436.778571;;0;;
363;1;;;;;;7169.007143;;;;;
364;1;;;;;;618.7103571;;;;;
365;1;;;;;;2664.743214;;;;;
366;1;;;1;;;564.0332143;;;0;;
367;1;;;;;;679.6328571;;;;;
368;1;;;;;;17.91857143;;;;;
369;1;;;;;1;383.2585714;;;;;1001.63
370;1;;;;;;368.9910714;;;;;
371;1;;;1;;;201.3167857;;;65.4925;;
372;1;2;;;;;21493.71964;6884.011786;;;;
373;1;;;;;;0;;;;;
374;1;;;1;;;789.4517857;;;0;;
375;1;;;1;;;878.4867857;;;0;;
376;1;;;1;1;;140.06;;;0;617.6560714;
377;1;;;;;;611.6046429;;;;;
378;1;1;;1;;;3677.939643;16080.90393;;0;;
379;1;1;6;;;;7.869642857;606.1792857;23214.28571;;;
380;1;;;;;;2804.529286;;;;;
381;1;;;;;;10.52821429;;;;;
382;1;1;;;;;90.27;46085.245;;;;
383;1;;;1;;2;695.5;;;40.25714286;;353.0857143
384;1;;;;;;2418.876786;;;;;
385;1;3;2;1;;;2717.866786;48214.33393;8922.489286;0;;
386;1;1;;;;;7070.925357;10.74178571;;;;
387;1;;1;;;;486.9907143;;4454.228571;;;
388;1;;;;1;;357.1428571;;;;0.714285714;
389;1;1;28;;;;25.2175;100639.6811;0;;;
390;1;1;79;;;;442.3460714;0.395714286;5468.865357;;;
391;1;;;;1;1;172.5814286;;;;0.714285714;4592.336429
392;1;1;1;;1;;3365.341786;10933.07321;0;;520.5289286;
393;1;;;;;;208.6057143;;;;;
394;1;;;1;;1;3770.360357;;;0;;2557.0525
395;1;;;1;;;102.7571429;;;0;;
396;1;;;;;;5669.983929;;;;;
397;1;;;;;;565.1235714;;;;;
398;2;1;;;;;3692.966786;23.59928571;;;;
399;1;;;;;;451.7967857;;;;;
400;1;;;;;;402.3185714;;;;;
401;1;;;;1;;1439.324286;;;;523.3464286;
402;1;;;;;;3358.467857;;;;;
403;1;;;;;;1705.675;;;;;
404;1;;;;;;60.05178571;;;;;
405;1;;;1;1;;265.5810714;;;0;0.714285714;
406;1;;;;;;3481.373214;;;;;
407;1;;;;;;5215.269643;;;;;
408;1;1;;1;;;4133.402143;0.001785714;;0;;
409;1;;;1;;;348.4028571;;;0;;
410;1;1;1;;;;156.8464286;6231.441429;10837.75214;;;
411;1;;4;;1;1;37207.97429;;0;;2.357142857;6852.941071
412;1;1;;;;;376.8910714;2506.551071;;;;
413;1;2;3;1;1;;1668.372143;20631.68464;0;0;2.357142857;
414;1;2;14;;;;281.4935714;714.1492857;10218.14393;;;
415;1;;;;;;1188.384286;;;;;
416;1;;;;;;906.5260714;;;;;
417;1;;;1;;;621.9010714;;;243.4;;
418;1;;;;;;435.6671429;;;;;
419;1;;;1;;;352.7821429;;;0;;
420;1;1;1;;;;0;57822.75714;0;;;
421;1;;;;;1;7074.069286;;;;;4850.017143
422;1;1;1;;;;502.4460714;92.50607143;0;;;
423;1;;;;;;13.65;;;;;
424;1;1;1;;;;17234.89214;18231.785;1964.695714;;;
425;1;;;;;;1313.513214;;;;;
426;1;;;;;;515.7646429;;;;;
427;1;;;;;;1194.063929;;;;;
428;2;;;;;;3779.613214;;;;;
429;1;;1;;;1;1721.351429;;0;;;901.5175
430;1;;;;;;2.447142857;;;;;
431;1;;;;;;38.55107143;;;;;
432;1;1;1;1;;;11.14214286;1325.176786;0;284.9132143;;
433;2;;;;;;114.6428571;;;;;
434;1;;;;;;2469.842857;;;;;
435;1;;;;;;0;;;;;
436;1;;;;;;40.60071429;;;;;
437;1;;;;;;3.4275;;;;;
438;1;;;;;;8206.767143;;;;;
439;1;;;;;;26.425;;;;;
440;2;;;;;;6129.028929;;;;;
441;1;;;;;;0.57;;;;;
442;1;;;1;;;1083.015357;;;92.625;;
443;1;;;;;2;0;;;;;1038.696786
444;1;;;;;1;494.055;;;;;608.9953571
445;1;;2;;;;2.563928571;;0;;;
446;1;;;;;;13956.805;;;;;
447;1;;;;;;2418.475;;;;;
448;1;1;5;1;;;39.75107143;0.013571429;2989.453929;0;;
449;1;;;1;;;16109.62857;;;0;;
450;1;;;;;;2.857857143;;;;;
451;1;;7;;1;;6.699285714;;538.1303571;;13.07142857;
452;2;;;;;;4474.592143;;;;;
453;1;1;3;;;;605.08;26022.27464;1825.093571;;;
454;1;;;;;;0;;;;;
455;1;2;;;1;;33553.8475;1073.403571;;;530.3564286;
456;1;;4;;;;0;;86589.77107;;;
457;1;;;1;;;427.5753571;;;0;;
458;1;;;;;;1744.026429;;;;;
459;1;;;;;;8.997857143;;;;;
460;1;;4;;;;275.7164286;;0;;;
461;1;1;;;;;6.537857143;6128.227857;;;;
462;1;;;1;;;570.3421429;;;104.0114286;;
463;1;;;1;;;182.7582143;;;0;;
464;2;;;1;;;2249.049643;;;237.2971429;;
465;1;;;;1;;1.708571429;;;;1.178571429;
466;1;1;;;;;178.5714286;2771.098571;;;;
467;1;;;;;;355.5842857;;;;;
468;1;1;3;;;;20.955;745.5110714;0;;;
469;1;;;;;;4415.646071;;;;;
470;1;;;;;;20.6075;;;;;
471;1;;;;;;1923.280357;;;;;
472;1;;;;;;12095.03107;;;;;
473;1;;;1;;1;6325.9025;;;0;;0
474;1;;;1;;;37.07535714;;;0;;
475;1;1;1;;;;9428.947857;3586.751786;0;;;
476;1;;1;1;;;1715.875714;;0;0;;
477;2;2;;;;;5419.34;7352.996786;;;;
478;1;;;1;;;33573.15179;;;0;;
479;1;1;1;1;1;;74.80785714;4352.067857;0;0;627.8571429;
480;1;;;;;;869.8032143;;;;;
481;1;1;;;1;;68.42357143;253.7392857;;;0;
482;1;;;;;;22.41785714;;;;;
483;1;;4;1;;;1345.233929;;0;8.868928571;;
484;1;;;;;;214.9560714;;;;;
485;1;;;;;;1748.505357;;;;;
486;2;;;;;;1815.522857;;;;;
487;1;;;1;;1;3843.146429;;;42.25142857;;3540.218929
488;1;2;;1;;;21.25428571;5247.970357;;0;;
489;1;1;;;;;5021.998214;12591.48571;;;;
490;1;;;;;;806.4596429;;;;;
491;1;;;1;1;2;185.9032143;;;0;0;9115.112857
492;1;;;;1;;8846.825714;;;;0.464285714;
493;1;;;;;;2161.553214;;;;;
494;1;;;;;1;715.6910714;;;;;3571.428571
495;1;;5;;1;;8.540357143;;6667.976429;;641.5753571;
496;1;;;;;;0;;;;;
497;1;;;;;;930.3110714;;;;;
498;1;;;;;;883.9760714;;;;;
499;1;;;1;;;949.6864286;;;97.91107143;;
500;3;1;3;;;;1180.659286;10940.43036;35627.70964;;;
501;1;2;1;;;;460.5771429;5136.296071;0;;;
502;1;;;1;;;950.4725;;;0;;
503;1;;;;;;1175.755;;;;;
504;1;;;;;;20.95;;;;;
505;1;2;;;;;9078.213571;4.1825;;;;
506;1;1;;1;;;1407.341786;19.30642857;;339.3071429;;
507;1;1;3;;1;;395.4264286;4474.939286;0;;0.714285714;
508;1;;;;;;1329.243929;;;;;
509;1;;;1;;;6722.328571;;;0;;
510;1;1;;;;;1181.878571;5443.611071;;;;
511;1;;;1;;1;224.2139286;;;0;;915.0682143
512;1;;;;;;825.4510714;;;;;
513;1;;;;;;29.48571429;;;;;
514;1;;;;;;27.09035714;;;;;
515;1;2;;;;;956.6560714;10861.7475;;;;
516;1;1;;;;;94.88607143;4815.985714;;;;
517;1;;;;;;17.05107143;;;;;
518;1;;;;;;1704.711786;;;;;
519;1;;;;;;210.8446429;;;;;
520;1;1;;;;;1401.136429;3779.009286;;;;
521;1;;;1;;;80.2725;;;0;;
522;3;;;;;;1.280714286;;;;;
523;1;;;;;;7041.8525;;;;;
524;1;;9;;;;57.61178571;;3571.428571;;;
525;1;1;4;;;;0.388214286;3845.991786;31884.50929;;;
526;1;;;;;1;237.4757143;;;;;7142.857143
527;1;;;;;;1780.251786;;;;;
528;1;;;1;;;0;;;0;;
529;1;1;;;;;2014.426786;36183.43357;;;;
530;1;2;2;;;;349.085;11980.92321;28571.42857;;;
531;1;;;;;;338.0025;;;;;
532;1;3;;;;;2271.057857;16385.83429;;;;
533;1;;;;;;50;;;;;
534;1;;;;;;0;;;;;
535;1;1;;;;;9.636428571;104847.1275;;;;
536;1;;;;;;663.8435714;;;;;
537;1;;1;;;;814.4560714;;0;;;
538;1;1;;;;;4.273214286;3913.166429;;;;
539;1;;;;;;32.99107143;;;;;
540;1;1;;;;;3007.264643;4842.638571;;;;
541;1;;;;;;4.902142857;;;;;
542;1;;;1;;;1525.141429;;;0;;
543;1;;3;;;;2.897857143;;446183.4232;;;
544;1;;64;;;;4808.271071;;32990.44607;;;
545;1;1;;;;;3852.053929;37045.96571;;;;
546;1;;;;;;1023.336429;;;;;
547;1;1;1;;;;4446.794643;1253.660714;33004.46143;;;
548;1;;;;;;2663.137857;;;;;
549;1;;;;;;192.7760714;;;;;
550;1;;;1;;;57.60035714;;;192.0142857;;
551;1;;;;1;1;865.4814286;;;;0.928571429;625.6260714
552;1;;;;;;730.9875;;;;;
553;1;;;;;;3274.0575;;;;;
554;1;;;;;;2032.232857;;;;;
555;1;;;;;;16.08214286;;;;;
556;1;;;;;;227.2621429;;;;;
557;1;;2;1;;;2815.486786;;0;0;;
558;1;;;;;;393.4128571;;;;;
559;1;1;4;1;;;464.6071429;728.0439286;0;881.6967857;;
560;1;;;;;;6586.222857;;;;;
561;1;;;1;1;;269.3685714;;;0;619.2857143;
562;2;;;1;;;2006.015;;;0;;
563;1;1;4;1;;;56.62785714;0.4475;263.9532143;255.4853571;;
564;1;;;;;;1391.6125;;;;;
565;1;;;1;;;7.018571429;;;0;;
566;2;1;;;1;3;577.8582143;22018.58643;;;474.3739286;2405.282857
567;1;;;;;;6808.197857;;;;;
568;1;;;;1;;809.9760714;;;;325.6457143;
569;1;;;1;;;1.149285714;;;139.6621429;;
570;1;;;;;;575.1746429;;;;;
571;1;;;1;1;;0.297857143;;;0;1223.214286;
572;1;;;1;;;2739.563929;;;0;;
573;1;;;;;;1243.505714;;;;;
574;1;;;1;;1;3364.946786;;;0;;533.2189286
575;1;;;;;;765.9475;;;;;
576;1;;;;;1;2.021071429;;;;;883.7446429
577;1;;;;;;317.1153571;;;;;
578;1;;;;;;4781.011071;;;;;
579;1;;4;;;;10.96357143;;0;;;
580;1;1;7;;;;4.025357143;16272.20214;2510.752857;;;
581;1;1;;1;1;;0;14811.98107;;0;-1.428571429;
582;1;;;;;;445.6714286;;;;;
583;1;1;5;;;;271.1539286;9.949285714;13062.67679;;;
584;1;1;;1;;;2538.386786;5734.547143;;0;;
585;1;;2;;;;47.57321429;;2648.905357;;;
586;1;;;;;;2036.124643;;;;;
587;1;1;1;;;;0;96668.11393;381.1310714;;;
588;1;;;1;;;193.1764286;;;710.7621429;;
589;1;1;;1;;;168.1878571;2.151785714;;0;;
590;1;;;;;;183.6292857;;;;;
591;1;;;1;;;0;;;0;;
592;1;1;;;;;402.0853571;36166.56036;;;;
593;1;;;;;;1.480714286;;;;;
594;2;1;;;;;3.831071429;223.8189286;;;;
595;1;;;;;;126.9225;;;;;
596;1;;;;;;0;;;;;
597;1;;;1;;;4552.889643;;;482.6128571;;
598;2;;;1;;;562.2017857;;;0;;
599;1;1;;;;;16.67107143;23252.44357;;;;
600;1;1;4;;;;1189.3225;8771.733571;28004.9075;;;
601;1;1;2;;;;865.6828571;92884.32964;0;;;
602;2;;;1;1;;84.30642857;;;0;1053.802857;
603;1;1;;;;;1385.988214;7463.246786;;;;
604;1;;;;1;;5645.113929;;;;1044.143571;
605;1;;;;;;0;;;;;
606;1;1;;;;;80.62428571;313.4735714;;;;
607;1;2;3;1;1;;364.1085714;1074.0725;0;0;490.7760714;
608;1;1;;;;;347.3657143;29191.295;;;;
609;1;1;;;;;130.8475;24933.45321;;;;
610;1;1;1;;1;;1083.522143;0.799642857;14285.71429;;305.6771429;
611;1;;;1;;1;943.8375;;;0;;2515.419286
612;1;1;;1;1;;28.53571429;1085.208571;;0;110.0210714;
613;1;;;1;1;;30.4675;;;218.2342857;276.15;
614;1;2;17;1;1;;0;7143.0425;0;0;0;
615;1;;;;;;2509.531429;;;;;
616;1;;;;;;1083.711071;;;;;
617;1;;;1;;;5577.357143;;;0;;
618;1;;;1;;1;0;;;0;;887.375
619;1;1;2;;;;3764.539286;7812.512857;169.6746429;;;
620;1;;;;;;2.156785714;;;;;
621;1;1;;;;;1249.709643;0.001428571;;;;
622;1;;;;;;0;;;;;
623;1;;;;;;1607.275714;;;;;
624;1;1;;;;;272.1257143;12752.7275;;;;
625;1;;;;;;3943.043929;;;;;
626;1;;;;;;13.46464286;;;;;
627;1;;2;;;;1604.266429;;4107.860357;;;
628;1;;;1;;;488.4596429;;;0;;
629;1;;2;;;;61.76678571;;34387.58357;;;
630;1;;;;;;389.45;;;;;
631;1;;;;;;339.8192857;;;;;
632;2;;;1;;;592.0878571;;;0;;
633;1;1;2;;;;36062.11357;16809.76607;0;;;
634;1;2;;;;;41.86178571;47652.55107;;;;
635;1;;;;;;0;;;;;
636;1;1;;;1;;2623.826429;2457.837143;;;-7.738214286;
637;1;;3;;;;0;;0;;;
638;1;;;1;;;89.25;;;0;;
639;1;;;;;;736.9435714;;;;;
640;1;1;;;;;16765.39;3584.685;;;;
641;1;;;;;;1.375;;;;;
642;1;1;4;;;;2238.091786;9665.433571;194.2857143;;;
643;1;;4;;;;2204.218571;;181931.5471;;;
644;1;1;;;;;135.3635714;0.17;;;;
645;1;;;;;;14.29785714;;;;;
646;1;;;1;;;484.3903571;;;0;;
647;1;;;;;;362.4582143;;;;;
648;1;1;;;1;;2164.632857;14.32821429;;;482.975;
649;1;;;1;;;15377.35393;;;0;;
650;1;;;;;;2589.637857;;;;;
651;1;;;;;1;2.142857143;;;;;6236.633929
652;1;;;;;;5885.186429;;;;;
653;1;1;;;;;43.14428571;6007.7925;;;;
654;1;;;;;;1657.383214;;;;;
655;2;;;;;;327.2014286;;;;;
656;1;1;;;;;26.76071429;6120.588929;;;;
657;1;1;;1;;;757.75;0;;274.9439286;;
658;1;;;;;;1107.677857;;;;;
659;2;;;;;;1058.293571;;;;;
660;1;;;1;;;611.3221429;;;0;;
661;1;1;;;;;378.8889286;882.2335714;;;;
662;1;;;;;;0;;;;;
663;1;;;;;;9.275;;;;;
664;2;;;;;;1407.642143;;;;;
665;1;;;;;;370.6532143;;;;;
666;1;;1;;;;13806.56929;;25462.56179;;;
667;1;;;;;;60.04428571;;;;;
668;1;1;1;1;;;586.9492857;43701.96929;0;0;;
669;1;;;1;;;174.6578571;;;157.4832143;;
670;1;;;;;;13.92928571;;;;;
671;1;1;;;;;858.955;11615.655;;;;
672;1;;;;;;47.96464286;;;;;
673;1;2;1;1;1;;2588.838214;16144.00214;733.0685714;8.445;1.178571429;
674;1;;;1;;;16362.98321;;;745.5571429;;
675;1;;;;;;27.865;;;;;
676;1;;;1;1;;1127.008214;;;0;417.1964286;
677;1;;;;;;71.39071429;;;;;
678;1;1;3;;;;2730.121429;0;761235.5043;;;
679;1;2;;;;;0;28.65821429;;;;
680;1;;;;;;0.506428571;;;;;
681;1;;5;1;;1;4976.04;;46562.31071;0;;9916.269643
682;1;1;11;;;;684.2814286;4557.6075;1146.4175;;;
683;1;;;;;;2052.3625;;;;;
684;1;2;3;;;;20.96642857;12881.37107;20469.94;;;
685;1;;1;1;;;379.3821429;;169.6746429;0;;
686;1;;;;;;1146.879643;;;;;
687;2;;;;;;338.5896429;;;;;
688;1;;;;;;585.0828571;;;;;
689;1;;;;;;396.3082143;;;;;
690;1;1;;;;;86.02428571;4203.438571;;;;
691;1;;;;;;225.8607143;;;;;
692;1;;;1;;;641.1296429;;;0;;
693;1;;;1;;;2889.781786;;;0;;
694;1;1;;;;1;0.002142857;114458.4568;;;;117.6539286
695;1;;;;;;0.015;;;;;
696;1;;;;;1;2644.604286;;;;;3301.638571
697;1;;;1;1;;2474.8225;;;0;642.2321429;
698;1;1;;;;;64.74285714;1841.062143;;;;
699;1;;4;1;;;1823.057143;;18491.44429;0;;
700;1;;;;;;345.3353571;;;;;
701;3;1;;;;;0;34394.55571;;;;
702;1;1;1;;1;;238.2278571;391.9985714;4718.126071;;0;
703;1;;6;;;;198.8796429;;125.1257143;;;
704;1;;;;;;403.4421429;;;;;
705;3;;;;;;191.1260714;;;;;
706;1;;;;;;1405.127143;;;;;
707;1;;;;;;317.8646429;;;;;
708;1;;;;;;0;;;;;
709;1;;;;;;683.5714286;;;;;
710;1;;;;;;1026.117857;;;;;
711;1;;;;;;111.1267857;;;;;
712;1;;;1;;1;3551.878214;;;0;;1985.372857
713;1;;;1;;;113.4092857;;;350.1135714;;
714;1;1;;;;;224.4425;5495.861071;;;;
715;1;1;;;1;;4661.019643;20.54464286;;;0.714285714;
716;1;;;;;;5070.659643;;;;;
717;2;;;;;;3136.734643;;;;;
718;1;;;1;;1;273.4285714;;;215.49;;1057.957143
719;1;;;;;;79.39892857;;;;;
720;1;;;;;;0;;;;;
721;1;1;;1;;;218.6946429;27896.88679;;526.4889286;;
722;1;1;6;;;;4933.748929;465.5371429;1942.857143;;;
723;1;;;;;;444.29;;;;;
724;1;;;;;;102.2325;;;;;
725;1;;20;;;;374.2242857;;0;;;
726;1;;;1;;;2963.085;;;260.87;;
727;1;1;1;;;;48.93357143;35768.38857;14484.08393;;;
728;1;;;;;;1194.797143;;;;;
729;1;1;1;1;;;2082.308929;0;0;0;;
730;1;;;1;;;331.7296429;;;0;;
731;1;;;;;;957.0071429;;;;;
732;3;1;6;;;;301.1560714;347.4171429;49993.39929;;;
733;1;1;;;;;5.706785714;10778.98393;;;;
734;1;1;;;;;69.51107143;57901.67929;;;;
735;1;;;;;;188.9946429;;;;;
736;1;;;;;;285.7142857;;;;;
737;3;;;;;;3175.264643;;;;;
738;1;;;;;;1953.785714;;;;;
739;1;1;8;1;;1;5519.308929;0;9824.236786;0;;3868.679643
740;1;;2;;;;314.6092857;;24739.06429;;;
741;1;;;;;;58.58392857;;;;;
742;1;;;;;;267.5435714;;;;;
743;1;;;;;;1928.705714;;;;;
744;2;;;;;1;7881.311071;;;;;9055.584643
745;1;;;1;;;3688.156786;;;0;;
746;1;;1;;;;16436.32714;;49030.41071;;;
747;1;;;1;;;43.13;;;1459.457143;;
748;1;;;1;;;1155.467143;;;0;;
749;1;;;;;;0.191785714;;;;;
750;1;;;;;1;710.4925;;;;;2893.026786
751;1;;;;;;38.65571429;;;;;
752;1;1;;;;;60.11392857;14680.95429;;;;
753;1;;;;;;16357.57679;;;;;
754;1;;;;;;13.0425;;;;;
755;1;;11;;;;590.4103571;;2165.822857;;;
756;1;;3;1;1;1;1782.36;;2322.801071;250.8803571;966.6189286;3141.9
757;1;;;;;;1202.235;;;;;
758;1;1;;;;;8826.644286;9129.4875;;;;
759;1;;;1;;;0.784285714;;;0;;
760;1;5;;;;;21873.90179;3890.05;;;;
761;1;1;;;;;128.3882143;0;;;;
762;1;;1;;;;1077.346071;;0;;;
763;1;;;1;1;1;5292.179286;;;0;1529.058929;2906.981786
764;1;2;;;;;13436.16429;8.710714286;;;;
765;2;;;;;;4.714285714;;;;;
766;1;;;;;;497.9189286;;;;;
767;1;2;3;;;;0;8036.430714;424.1864286;;;
768;1;;;;1;;1107.243571;;;;992.4075;
769;1;1;;;;;265.3528571;6097.246429;;;;
770;1;;;;;;1.408214286;;;;;
771;1;;2;;;;17.62571429;;0;;;
772;1;1;1;1;;;297.1175;9.593571429;0;0;;
773;1;;;;;;1693.176429;;;;;
774;1;;;1;;2;83.05642857;;;0;;337.7471429
775;2;2;1;1;;1;116.1735714;3774.253929;579084.1079;0;;277.0864286
776;2;1;1;;;;0;10977.92679;11162.43964;;;
777;1;;;;;;484.5646429;;;;;
778;1;;;1;;;3821.465;;;0;;
779;1;;;1;;;567.8696429;;;0;;
780;1;;;1;1;;184.8096429;;;0;641.7617857;
781;1;1;;;;;347.4175;3836.268214;;;;
782;1;2;2;;;;323.6771429;37651.5;69073.49214;;;
783;1;;;;;;4765.473571;;;;;
784;1;;;;;;870.1514286;;;;;
785;1;;;1;;;6478.5075;;;0;;
786;1;2;;;;;1016.5725;4112.396071;;;;
787;1;1;1;;;;1663.055714;6667.519286;14696.50143;;;
788;1;1;2;;;;36.99178571;7139.7625;0;;;
789;1;;6;;;;16.42928571;;2503.260357;;;
790;1;;;1;;;4.027142857;;;0;;
791;1;1;7;1;1;;910.305;3680.094286;8823.257143;0;360.0260714;
792;1;;;;;;9.3025;;;;;
793;1;1;;;;;20.64928571;4004.674286;;;;
794;1;1;1;;1;1;283.2157143;16218.19679;0;;547.7832143;4239.845714
795;1;;1;;;;528.5796429;;12768.21357;;;
796;3;;;;1;1;247.0035714;;;;1109.505714;4632.981786
797;1;1;4;;;;1409.805;26478.28893;3020.640714;;;
798;1;;;;;;134.4014286;;;;;
799;1;;;;;;882.1239286;;;;;
800;1;;1;1;;;660.9817857;;0;0;;
801;1;;;;;;28.57142857;;;;;
802;1;1;3;;;;7.093571429;2645.545714;11587.91036;;;
803;1;;;;;;0;;;;;
804;2;1;;;;;0;12053.17643;;;;
805;1;;;1;;;0.6175;;;354.96;;
806;1;;;;;;0;;;;;
807;1;;;;;;256.4892857;;;;;
808;1;1;18;;;;608.5792857;55.53035714;0;;;
809;1;;;;;1;16.62392857;;;;;3295.807143
810;1;;;1;;1;542.1714286;;;0;;930.3571429
811;1;;;;;;1227.868214;;;;;
812;1;;;;;;6302.067857;;;;;
813;1;1;;1;;;20.41321429;29215.98036;;306.9214286;;
814;1;1;1;;;;2498.932143;3639.594643;308.8821429;;;
815;1;;;;;;4523.646786;;;;;
816;1;;;;;;382.7135714;;;;;
817;1;;3;;;;57.5575;;6083.648571;;;
818;1;;;;;;1381.638571;;;;;
819;1;;;;1;2;325.1242857;;;;2.25;3816.979643
820;1;;;;;;176.4846429;;;;;
821;3;1;;;;;1054.237143;8.158928571;;;;
822;1;1;1;1;;;300.7753571;65263.04429;0;134.3346429;;
823;1;1;;;;;13177.15321;725.6314286;;;;
824;1;1;1;;;;337.6821429;1716.291071;526.7785714;;;
825;1;;;;;;28.57142857;;;;;
826;1;;1;1;1;;0;;62103.26857;0;0;
827;1;;;1;1;;49.19357143;;;0;0.464285714;
828;1;;;;;;0;;;;;
829;1;;;;1;5;183.6614286;;;;2.344642857;1506.501429
830;1;;;;;;21.3625;;;;;
831;1;;1;;;;1440.0525;;0;;;
832;1;;;;;;458.8110714;;;;;
833;1;;;;;;3017.641429;;;;;
834;1;;;1;;1;4430.363214;;;0;;2015.487857
835;1;;;;;;871.5025;;;;;
836;2;;;;;;920.6767857;;;;;
837;1;;;;;;686.4396429;;;;;
838;1;;;1;;;54.48214286;;;0;;
839;1;;;;;;870.7567857;;;;;
840;1;;;;1;;14.71214286;;;;0;
841;1;1;2;;;;1029.658571;0;0;;;
842;1;;;;;;22.13571429;;;;;
843;1;;;;;;80.92857143;;;;;
844;1;;;;;;21.33071429;;;;;
845;1;;;;;;459.5907143;;;;;
846;1;1;2;1;1;;224.0717857;5.000357143;12033.39571;558.7092857;0;
847;1;;;;;;240.9489286;;;;;
848;1;;;;1;;49.75678571;;;;0;
849;1;;;;;;146.8539286;;;;;
850;1;;;;;;43.52321429;;;;;
851;1;1;;1;;;732.9371429;103328.8189;;0;;
852;1;;;;;;357.1457143;;;;;
853;1;1;;1;;;3061.968929;19069.40071;;0;;
854;1;1;4;1;;;1860.239643;851.0614286;342.5960714;0;;
855;1;;1;;;;49.0575;;1171.071429;;;
856;1;;1;;;;660.1114286;;14777.41714;;;
857;1;;;;;;983.3739286;;;;;
858;1;;;;;;660.2478571;;;;;
859;1;;;;;;359.0332143;;;;;
860;1;;;;;;169.9696429;;;;;
861;1;;;;;;736.4207143;;;;;
862;1;;;;;;3.583571429;;;;;
863;1;;;1;1;2;21.93678571;;;0;1.178571429;63.80321429
864;1;;;1;;;23.49607143;;;0;;
865;1;;;;;;591.2628571;;;;;
866;1;;;;;;1751.350714;;;;;
867;1;;;1;;;1097.734286;;;0;;
868;1;;2;;;;0;;848.3725;;;
869;1;1;3;;;;352.8278571;5469.851071;833.2367857;;;
870;1;;;1;;;122.1064286;;;182.9657143;;
871;1;;;;1;2;2853.208214;;;;122.1171429;8660.066071
872;1;;;;;;13775.455;;;;;
873;1;;;;;;107.2625;;;;;
874;1;1;2;1;;;3612.059286;1628.490714;1218.661071;0;;
875;1;;;;;;50.34107143;;;;;
876;1;1;;1;;;5948.005714;7155.010357;;0;;
877;1;;;;;;2163.824643;;;;;
878;1;;22;;;;1519.949286;;617.8335714;;;
879;1;;;;;;3871.886786;;;;;
880;1;;;;;;70.54857143;;;;;
881;2;;;;;;3024.145357;;;;;
882;1;1;1;;;;51.97178571;19147.45464;11207.17321;;;
883;1;;;;;;236.2178571;;;;;
884;1;;;1;;;2250.308214;;;0;;
885;1;;;;;;3641.432143;;;;;
886;1;1;;;;;168.9046429;115074.5336;;;;
887;1;;;;;;402.8014286;;;;;
888;1;;;;;;137.5217857;;;;;
889;1;;;;;;2560.426429;;;;;
890;1;1;;;;;1024.444286;16727.63536;;;;
891;1;;;1;;;1131.623214;;;0;;
892;1;;;1;;;0;;;641.1453571;;
893;1;;;;;;2.468928571;;;;;
894;1;;;1;1;2;354.9828571;;;0;0.714285714;2182.396786
895;1;1;;;;;997.9667857;26797.11929;;;;
896;1;;;;;;1743.738571;;;;;
897;1;1;3;;;;0.755357143;7567.191786;6511.858929;;;
898;1;1;2;;;;2741.898929;1750.5525;563.3707143;;;
899;1;;;;;;1068.936429;;;;;
900;1;;;;;;7.145714286;;;;;
901;1;;;1;1;1;153.9807143;;;803.7907143;983.7857143;9501.474643
902;1;;;;;;13482.23607;;;;;
903;1;;;;;;414.7292857;;;;;
904;1;;;;;;3758.344286;;;;;
905;1;;;;;;4899.048214;;;;;
906;1;;;;;;50.73;;;;;
907;1;;;;;;778.5221429;;;;;
908;1;;;;;;54172.86929;;;;;
909;1;;;1;;1;4.710714286;;;0;;4291.996429
910;1;1;;;1;;3007.753214;1149.505357;;;928.4642857;
911;1;;;1;;;3.257142857;;;0;;
912;1;;;;;;3.496785714;;;;;
913;1;;1;;;;2102.500357;;7975.683571;;;
914;1;;;;;2;2.6075;;;;;12567.02571
915;1;;1;1;;;33.43214286;;13680.27714;175.5996429;;
916;1;1;5;1;1;;7949.006786;554.9710714;2545.743214;470.0514286;1188.786786;
917;1;1;1;;;;9.055;191.3092857;0;;;
918;1;;;;;;1054.802143;;;;;
919;1;;;1;;;254.0117857;;;0;;
920;1;;;;;;111.8703571;;;;;
921;2;;;;;;2691.995714;;;;;
922;1;;;;;;1963.801429;;;;;
923;1;;;;;;96.08928571;;;;;
924;1;;;1;1;;341.5514286;;;0;460.0892857;
925;1;;;;;;527.9432143;;;;;
926;1;;;1;;;2860.802143;;;0;;
927;1;1;1;;;;1897.836071;3104.583929;3904.851786;;;
928;1;;26;;;;10594.5225;;69777.20536;;;
929;1;;;;;;291.1532143;;;;;
930;1;2;;;;;849.1971429;4113.770357;;;;
931;1;;;;;;10349.92;;;;;
932;1;1;7;;;;3060.946071;7537.403214;2116.071429;;;
933;1;;;1;;;1624.863214;;;0;;
934;1;;;1;1;1;1613.846071;;;0;708.2582143;3261.697857
935;1;;;1;;;2430.974643;;;0;;
936;1;;;;;;1973.280714;;;;;
937;1;;;;;;361.5896429;;;;;
938;1;1;2;;;;7.576785714;52743.09071;0;;;
939;1;;;;;;2181.302143;;;;;
940;1;;;;;;0;;;;;
941;1;;;;;;4466.422143;;;;;
942;1;2;3;;;;2841.414286;27797.97964;0;;;
943;1;;;;1;;446.3989286;;;;1.178571429;
944;1;;;;;;764.6896429;;;;;
945;1;;;;;;411.0082143;;;;;
946;1;1;1;;1;;9830.705357;1796.033571;1131.907857;;2.357142857;
947;1;;;;;;1313.165714;;;;;
948;1;;;;;3;2574.7775;;;;;13012.38571
949;1;1;;1;1;;693.7617857;516.1596429;;0;523.8107143;
950;1;;;;;;41.46035714;;;;;
951;2;1;;1;1;;338.365;93895.68786;;0;30.345;
952;1;;;;;1;72.40428571;;;;;1447.709643
953;1;1;;;;;1507.695714;1508.553214;;;;
954;1;1;;;;;32.55928571;1460.8;;;;
955;1;;;;;;3131.223929;;;;;
956;2;;;1;;;3611.397857;;;0;;
957;1;2;;1;;;125.8064286;5069.315714;;664.3207143;;
958;1;;;;1;;648.5142857;;;;511.9364286;
959;1;;;;;;186.0989286;;;;;
960;1;;;;;;515.3353571;;;;;
961;1;;;;;;251.3360714;;;;;
962;1;;;;;;1783.961429;;;;;
963;1;1;1;;;;10607.82286;87931.59893;4991.413571;;;
964;1;;;1;;;2445.966429;;;345.0017857;;
965;4;;;1;1;;319.0475;;;0;1.178571429;
966;1;;;;;;476.2132143;;;;;
967;1;;;;;;886.8014286;;;;;
968;1;;;1;;;158.0389286;;;0;;
969;1;;;;;;10820.70857;;;;;
970;1;1;10;;;;30.57642857;12347.84714;0;;;
971;1;;;;;;28.57142857;;;;;
972;1;1;;;;;2780.945357;3422.092143;;;;
973;1;;;;;;1633.828214;;;;;
974;1;;;;;;6298.261429;;;;;
975;2;;;;;;85.04535714;;;;;
976;1;1;3;;;;16.88214286;1866.035714;9412.839286;;;
977;1;;;;;;2639.308571;;;;;
978;1;1;3;;;;139.8389286;37869.08536;0;;;
979;1;1;;;;;18896.31286;1025.013571;;;;
980;1;;;;;;97.62857143;;;;;
981;1;;;;;;2754.492857;;;;;
982;1;;;;;;1813.520714;;;;;
983;1;1;2;;;;462.2217857;1053.04;0;;;
984;1;;;;;;1049.024643;;;;;
985;1;;;1;;;58.1;;;164.6753571;;
986;1;;;1;1;;469.3117857;;;0;247.37;
987;1;;;;;;21.125;;;;;
988;1;;;;;;705.8725;;;;;
989;3;;;;;;778.1028571;;;;;
990;1;1;;;;;181.4857143;22492.73821;;;;
991;1;;;;;;37.65892857;;;;;
992;1;;;;;;1795.121786;;;;;
993;1;1;3;;;;2.045;5401.167143;0;;;
994;1;;;;;2;2314.613571;;;;;515.4564286
995;1;;;;;;292.9007143;;;;;
996;1;;;;;;5689.675357;;;;;
997;1;2;;;;;273.6860714;9222.918571;;;;
998;1;;;1;1;;2435.475714;;;0;242.6239286;
999;1;;;;;;26.30392857;;;;;
1000;1;;;;;;55934.02036;;;;;
1001;1;;;1;;;714.4475;;;529.8546429;;
1002;1;;;1;1;;115.0228571;;;0;0;
1003;1;;;;;;3465.537143;;;;;
1004;1;;;;;;2107.836786;;;;;
1005;1;;;1;1;1;16.22892857;;;0;2.357142857;983.1507143
1006;1;;;;;;0;;;;;
1007;1;1;4;;;;46.14892857;0.000714286;0;;;
1008;1;2;4;;;;201.5717857;5440.297143;0;;;
1009;1;1;;;;;73.96714286;0.378571429;;;;
1010;1;;;;;;4700.144286;;;;;
1011;1;;;;;;358.8446429;;;;;
1012;1;;;;;;2.7375;;;;;
1013;1;;;;;;443.1457143;;;;;
1014;1;;;;;;10020.61036;;;;;
1015;1;1;;;;;794.4564286;1951.595357;;;;
1016;1;;;1;;1;947.1507143;;;0;;384.9125
1017;1;;;;;;903.6382143;;;;;
1018;1;;;;;1;1400.936786;;;;;1278.5925
1019;1;;;;;;337.4732143;;;;;
1020;1;;;;;;240.9632143;;;;;
1021;1;;;;;;2537.321071;;;;;
1022;1;;;;1;;375.5846429;;;;1055.201071;
1023;1;;;;;;2916.7925;;;;;
1024;1;;;;;;193.04;;;;;
1025;1;;;1;;2;5558.475357;;;707.3932143;;10121.47071
1026;1;;;;;;389.0253571;;;;;
1027;1;;;;;;5265.116786;;;;;
1028;1;;;;;;307.8357143;;;;;
1029;1;;;1;;;2.914285714;;;924.8914286;;
1030;2;1;;;;;8055.420357;37569.46679;;;;
1031;1;;;;;1;173.2639286;;;;;2529.568571
1032;1;;;;;;1114.8675;;;;;
1033;1;1;3;;;;193.5725;10743.74143;0;;;
1034;1;;;;;;158.7689286;;;;;
1035;3;1;1;;;;104.6017857;4644.820714;15094.395;;;
1036;1;1;;;;;819.3517857;32160.16571;;;;
1037;1;;;1;1;;3203.456429;;;0;0.714285714;
1038;1;;;;;;27.03571429;;;;;
1039;1;;;1;;;2.108928571;;;0;;
1040;1;1;4;;;;3135.429643;15743.12036;3678.571429;;;
1041;1;;1;1;1;;22.29107143;;178571.4286;0;30.92857143;
1042;1;;;1;;;13648.45964;;;0;;
1043;1;;;1;;1;658.5878571;;;0;;5781.3475
1044;1;2;1;;;;84.14428571;69302.39286;45697.57214;;;
1045;1;;;1;;;469.4325;;;0;;
1046;1;;;;;;5942.16;;;;;
1047;1;1;2;;;;10.63892857;3286.098214;8152.386429;;;
1048;1;;;1;;;1911.491429;;;0;;
1049;1;;;;;;329.0610714;;;;;
1050;1;;5;;;;113.8096429;;2880.867143;;;
1051;1;;;1;1;1;0;;;0;156.4192857;310.2007143
1052;1;;;;;;1.278571429;;;;;
1053;1;;;;;;107.1428571;;;;;
1054;1;;;;;;1098.023929;;;;;
1055;1;;;;;;838.6396429;;;;;
1056;1;;;;;;283.605;;;;;
1057;1;1;4;;;;1484.750357;232.5767857;1213.928571;;;
1058;1;1;1;;;;431.3464286;6657.720357;4239.060357;;;
1059;1;1;4;;;;819.1517857;1816.0475;210.3571429;;;
1060;1;;;;;;633.7039286;;;;;
1061;1;;;;;;2279.742857;;;;;
1062;1;1;;;;;7.6275;18634.06;;;;
1063;1;;;1;;1;291.1475;;;0;;4116.311429
1064;1;;1;;1;;23.85642857;;52133.855;;0;
1065;1;;;1;;1;1450.235;;;0;;360.3546429
1066;2;;3;;;1;40.19107143;;0;;;3708.253929
1067;1;;;;;1;3813.868929;;;;;4128.4
1068;1;;;;1;;3002.503929;;;;1020.846071;
1069;1;;;;;;12137.77607;;;;;
1070;2;;;1;;;176.8125;;;0;;
1071;1;;;1;1;2;53.39321429;;;0;7.178571429;5414.101786
1072;2;2;;;;;2081.600714;5343.591429;;;;
1073;1;;3;;1;;0;;3091.187143;;1.714642857;
1074;1;;;;;;1218.1325;;;;;
1075;1;;;;;;1021.694643;;;;;
1076;1;1;;;;;142.8571429;56803.30714;;;;
1077;2;1;3;;;;976.5239286;1955.638571;0;;;
1078;1;;;;;;111.1732143;;;;;
1079;1;;;;;;4314.886429;;;;;
1080;1;;;;;;4019.534286;;;;;
1081;1;;;;;;5.342857143;;;;;
1082;1;;;;;;2725.113929;;;;;
1083;2;;1;;;;42.61892857;;759.1507143;;;
1084;1;;;;;;529.0857143;;;;;
1085;1;;;1;;1;0.536071429;;;0;;1384.711429
1086;1;;;;;;2455.771429;;;;;
1087;1;1;18;;;;0;0;3687.26;;;
1088;1;;;;;;2118.586429;;;;;
1089;1;;;;;;6987.590357;;;;;
1090;1;;;1;;;189.7825;;;0;;
1091;1;1;26;;;;7.107142857;0.008928571;0;;;
1092;1;;;;;;0.137857143;;;;;
1093;1;;;;;;12568.63714;;;;;
1094;1;;;;;;89.0225;;;;;
1095;1;;11;;;;1180.3325;;6541.0275;;;
1096;1;;4;;;;341.0192857;;0;;;
1097;1;1;2;;;;914.7375;3849.474643;14285.71429;;;
1098;2;;2;1;1;1;143.1628571;;0;439.355;2382.946071;10628.53357
1099;1;;;;;;87.9175;;;;;
1100;1;;;;;;11.17821429;;;;;
1101;1;1;2;;;;1.438571429;5357.345357;12399.13679;;;
1102;2;;;;;;191.3321429;;;;;
1103;1;;;;1;1;31681.49464;;;;112.2282143;2304.64
1104;1;;;1;1;1;0;;;0;1.178571429;120.6760714
1105;1;;;;;;7445.069286;;;;;
1106;1;;;;;;241.2782143;;;;;
1107;1;1;;1;;;100.9821429;2115.620357;;0;;
1108;1;;;;;;3388.041786;;;;;
1109;1;;;;;;1706.419643;;;;;
1110;1;;;1;;;24.37964286;;;54.335;;
1111;1;1;;;;;65.30785714;10105.82964;;;;
1112;1;2;;;;;42.06607143;28543.7175;;;;
1113;1;;;1;;;9.98;;;293.1821429;;
1114;1;;;1;;1;4102.243214;;;0;;5177.691786
1115;1;;;;;;4069.934286;;;;;
1116;1;1;;1;1;1;124.1653571;0.481071429;;98.28178571;211.1464286;10166.98571
1117;1;;;1;1;2;393.8835714;;;2055.325357;0.714285714;11060.53393
1118;1;;3;1;;;420.8014286;;314723.165;0;;
1119;1;;7;1;;;3352.822143;;0;0;;
1120;1;;;;;;10688.8075;;;;;
1121;1;;;;;;52.52642857;;;;;
1122;1;;;;;;3747.319643;;;;;
1123;1;;;1;;;147.5196429;;;0;;
1124;1;;;;;;4570.134643;;;;;
1125;1;;;;;;401.1625;;;;;
1126;1;;;;;;1969.399286;;;;;
1127;1;;;1;;;1646.416429;;;0;;
1128;1;;;;;;379.3485714;;;;;
1129;1;;;;;;30969.845;;;;;
1130;1;;;1;;;0.448214286;;;1776.065357;;
1131;1;;;1;;;231.2685714;;;0;;
1132;1;;4;1;;;0;;18725.75357;0;;
1133;1;1;1;1;;;1.761071429;35.81214286;36102.20893;0;;
1134;1;;;1;;1;2534.983571;;;0;;4249.217857
1135;1;1;2;1;;;2253.885714;405.6142857;0;166.2071429;;
1136;1;;;;;;12741.82143;;;;;
1137;1;;;;;;232.5589286;;;;;
1138;1;;;1;;;422.6142857;;;0;;
1139;1;;;;;;0;;;;;
1140;1;;;;;;2538.931429;;;;;
1141;1;;;;;;2262.178929;;;;;
1142;1;3;1;;;;5239.471071;255.2389286;113.2167857;;;
1143;1;;;;;;4577.445;;;;;
1144;1;1;2;1;;;1329.598214;0.007142857;6071.720714;0;;
1145;1;;;;;;324.71;;;;;
1146;1;;;1;;;286.7075;;;0;;
1147;1;;;;;;27.19535714;;;;;
1148;1;1;;;1;;83.90107143;569.4092857;;;808.1078571;
1149;1;;;1;;;0;;;62.7025;;
1150;1;;;1;;;6.476071429;;;0;;
1151;1;;;1;;1;35454.3;;;12.34;;1651.299643
1152;1;;;;;;727.3235714;;;;;
1153;1;;1;;;;180.5317857;;17.72857143;;;
1154;1;;;;;;10.64464286;;;;;
1155;1;;;;;;31.78571429;;;;;
1156;1;;;;;;47.19214286;;;;;
1157;1;1;;1;1;;8214.665;86661.13821;;0;1.428571429;
1158;1;1;;1;;;7.142857143;3684.863929;;0;;
1159;1;1;;;;;467.1382143;21.53428571;;;;
1160;1;;;1;;1;2723.980357;;;0;;4239.8775
1161;1;1;;;;;602.1117857;5384.086429;;;;
1162;1;;;;;;71.60178571;;;;;
1163;1;;;;;;4143.043571;;;;;
1164;1;;;;;;2.908928571;;;;;
1165;1;;;;;;19180.76607;;;;;
1166;1;;;;;;1780.152857;;;;;
1167;1;1;;1;;;213.0685714;3877.464286;;0;;
1168;1;1;;1;1;;5308.645;23934.50821;;0;0;
1169;1;;;;;;1824.04;;;;;
1170;1;1;;;;;1845.120714;45528.44179;;;;
1171;1;;;;;;5.6325;;;;;
1172;1;1;1;;;;2175.241071;81.87964286;20497.15893;;;
1173;1;;;;;;2501.676071;;;;;
1174;1;;;;;;1.522142857;;;;;
1175;1;;;;;;25428.11143;;;;;
1176;1;;;;;;9325.020357;;;;;
1177;1;;;;;;5320.353214;;;;;
1178;1;1;;;;;38.045;40400.51643;;;;
1179;1;;;1;;1;0.000357143;;;0;;2190.591071
1180;1;;;;1;1;18364.81857;;;;119.8428571;1361.018214
1181;1;;8;;;;1329.495;;0;;;
1182;1;;;1;1;;3044.598929;;;0;512.8;
1183;1;1;5;;;;623.4685714;84.35642857;208.5967857;;;
1184;1;;1;1;;;2282.524286;;0;793.6710714;;
1185;2;;;;;;0;;;;;
1186;1;;;;;;3307.4125;;;;;
1187;1;;;;;;10.77;;;;;
1188;1;1;1;1;;;28.83821429;2236.031429;39221.835;0;;
1189;1;1;;;;;48.98678571;8421.004643;;;;
1190;1;;;;;;53.38571429;;;;;
1191;1;1;;;1;;907.0853571;638.6628571;;;283.8092857;
1192;1;1;7;;;;2789.3425;10566.78429;11171.42857;;;
1193;2;;;1;;;4180.6975;;;0;;
1194;1;;;;;;4.670357143;;;;;
1195;1;;;1;;;120.1517857;;;0;;
1196;1;;;;;;3405.242857;;;;;
1197;1;;;;;;320.05;;;;;
1198;1;;;;;;3378.41;;;;;
1199;1;;;;;;0;;;;;
1200;1;1;2;1;1;;2137.8975;6841.314643;71428.57143;0;2.357142857;
1201;2;;;1;;;115.4642857;;;0;;
1202;3;;;;;;1500.808214;;;;;
1203;1;;;;;;35.14535714;;;;;
1204;1;;;;;;147.3178571;;;;;
1205;1;;;1;;;628.3125;;;176.8853571;;
1206;1;;;;;;79.51178571;;;;;
1207;1;1;2;;1;;1347.813214;5193.253214;1445.137857;;318.5078571;
1208;1;;;;;;664.5782143;;;;;
1209;1;;;;;;588.7410714;;;;;
1210;1;1;;;;;2639.026786;67.13142857;;;;
1211;1;;;1;1;;251.0271429;;;0;2.357142857;
1212;1;;;1;;;8.087142857;;;0;;
1213;1;;;1;;;1615.341786;;;0;;
1214;2;;2;;;;2102.161429;;9584.659643;;;
1215;1;;;;;;3079.511429;;;;;
1216;1;;;;;1;166.9182143;;;;;4202.201429
1217;1;;;;;;6752.244643;;;;;
1218;1;1;;;;;54.82392857;1584.643214;;;;
1219;1;;;;;;5164.206429;;;;;
1220;1;1;;1;1;;1242.643214;26851.72464;;493.2075;1.428571429;
1221;1;;;1;;;2577.329286;;;0;;
1222;1;;;;;;21770.8125;;;;;
1223;1;;;;;;143.3167857;;;;;
1224;1;;;;;;116.3314286;;;;;
1225;1;;;;;;3749.135;;;;;
1226;1;;4;1;1;;35.71428571;;15589.22679;0;1.178571429;
1227;1;2;;;;;106.7432143;35945.74357;;;;
1228;1;;;;;;1018.8925;;;;;
1229;1;;;;;;324.0157143;;;;;
1230;1;;1;1;1;;3.109285714;;9198.638214;0;382.2635714;
1231;1;;;;;;819.8539286;;;;;
1232;1;;;;;;18.08928571;;;;;
1233;1;;;;;;199.5110714;;;;;
1234;1;;;;;;0.019285714;;;;;
1235;1;1;6;;;;27.67214286;5936.270714;10492.55393;;;
1236;1;1;;;;;2278.614643;0;;;;
1237;1;1;;;;1;1028.481429;728.4482143;;;;10059.69571
1238;1;;;;;;602.6167857;;;;;
1239;1;;;;;;1421.060714;;;;;
1240;1;;;1;;2;5.842857143;;;0;;194.8039286
1241;1;;;1;;;22939.27;;;0;;
1242;1;;2;1;;;281.6489286;;12436.57214;28.29464286;;
1243;2;;3;;;;1.291428571;;8745.785714;;;
1244;1;;;;;;2392.714643;;;;;
1245;1;;;;;;538.6903571;;;;;
1246;1;;;;;;12519.4;;;;;
1247;1;1;;1;;;790.3917857;0.009642857;;0;;
1248;2;;1;;;;12.71642857;;10422.84964;;;
1249;1;;;;;;7292.547857;;;;;
1250;1;;;1;;;825.8328571;;;0;;
1251;1;;;1;;;809.2982143;;;0;;
1252;1;2;2;;;;95.57821429;12681.21071;0;;;
1253;1;;;1;;;1181.363929;;;0;;
1254;1;;;;;;740.4503571;;;;;
1255;1;;;;;;7410.411071;;;;;
1256;1;;;1;1;;237.1485714;;;0;426.4360714;
1257;1;;;;;;1693.3775;;;;;
1258;1;1;7;1;;;147.0489286;357.9221429;0;0;;
1259;2;;;;;1;0;;;;;2933.313571
1260;1;2;;;;;2811.382857;3586.711786;;;;
1261;1;;;1;;;958.0035714;;;336.21;;
1262;1;1;1;;;;5.727857143;35256.97786;1350.073929;;;
1263;1;;;1;1;1;0;;;1211.621071;2.357142857;4233.136071
1264;1;;;;;;12992.51071;;;;;
1265;1;;;;;;2941.993929;;;;;
1266;1;;1;1;;;2094.669286;;7743.577143;0;;
1267;1;1;;1;;1;1753.040714;1959.871071;;461.3339286;;4312.384643
1268;1;;;;;;491.3907143;;;;;
1269;1;;;;;;514.055;;;;;
1270;1;;;;;;3.658214286;;;;;
1271;2;1;1;1;;;4492.061786;1990.502857;0;0;;
1272;1;;1;;;;5786.205714;;5861.208929;;;
1273;1;;;;;;165.95;;;;;
1274;1;;6;;;;15.485;;0;;;
1275;1;;;;;;39.79178571;;;;;
1276;1;;;;;2;13915.92536;;;;;1764.589286
1277;1;1;5;;1;;7.361071429;3230.096429;0;;1.428571429;
1278;1;1;;1;;;3964.0125;87992.25607;;0;;
1279;1;;;;;;3812.316786;;;;;
1280;1;;;;;;25191.65;;;;;
1281;1;;;;;;7241.138929;;;;;
1282;1;;3;;1;;12164.77929;;1909.849286;;-4.464285714;
1283;1;;;;;;616.2014286;;;;;
1284;1;;;;;;17.91714286;;;;;
1285;1;;;;;;84.30357143;;;;;
1286;1;;3;;;;5612.3525;;3567.839643;;;
1287;1;;;1;1;;2962.521786;;;0;315.0121429;
1288;1;1;;1;1;;275.5017857;539.5925;;0;9.5;
1289;1;3;4;;;;1904.926786;7925.148929;0;;;
1290;1;;;1;;;17862.91929;;;335.5207143;;
1291;1;1;3;1;;;1728.6575;5836.790714;36624.94821;0;;
1292;1;;;;;;244.8164286;;;;;
1293;1;1;;1;;;465.5467857;257.125;;0;;
1294;1;;;1;;;980.1721429;;;0;;
1295;1;;;1;1;1;1651.142857;;;901.6160714;216.9971429;301.5546429
1296;1;;;;;1;82.895;;;;;3237.48
1297;1;;;;;;14.64607143;;;;;
1298;3;;;;;1;40.69714286;;;;;639.8746429
1299;1;;;;;;1725.371071;;;;;
1300;1;;;1;;;0;;;0;;
1301;1;;;1;;;603.4128571;;;93.60357143;;
1302;1;1;;;;;35.83464286;1888.0625;;;;
1303;1;;;;;;24326.445;;;;;
1304;1;;;1;;;4963.121071;;;0;;
1305;1;;;1;;;73.56642857;;;0;;
1306;1;;;;;;253.2121429;;;;;
1307;1;;;1;;;0.012857143;;;0;;
1308;1;;;;;;12.61285714;;;;;
1309;1;;;;;;0.040357143;;;;;
1310;1;;;;;;4018.206786;;;;;
1311;1;;;;;;155.6346429;;;;;
1312;3;;;;;;11295.45714;;;;;
1313;1;;;;;;1041.444643;;;;;
1314;1;;;1;;;3404.655357;;;0;;
1315;1;;;1;1;1;2926.482857;;;289.6335714;0.714285714;2475.792857
1316;1;1;;1;1;;2145.81;5861.004643;;0;43.32142857;
1317;1;;;;;;435.1732143;;;;;
1318;1;;;;;;3547.130714;;;;;
1319;1;;;;;;232.7953571;;;;;
1320;1;;;1;;;395.2632143;;;573.0067857;;
1321;1;;;;;;25.19535714;;;;;
1322;1;;2;1;;;454.6960714;;0;93.72678571;;
1323;1;;;;;;325.3625;;;;;
1324;1;1;2;;;;16287.62786;0;11404.14536;;;
1325;1;1;;;;;14561.74036;9648.365714;;;;
1326;1;;;;;;2174.4875;;;;;
1327;1;;;;;;7733.049286;;;;;
1328;1;;7;;;;505.8885714;;0;;;
1329;1;;45;;;;715.9089286;;90062.94607;;;
1330;1;1;;;;;5264.326786;118932.7639;;;;
1331;1;;;;;;1091.6975;;;;;
1332;1;;;1;;;0;;;516.2825;;
1333;1;;;;;1;15106.0975;;;;;1113.318214
1334;1;1;;;1;;11.18357143;204.4207143;;;1.892857143;
1335;1;;;1;;;91.28321429;;;0;;
1336;1;;;;;;1315.715;;;;;
1337;1;1;6;;;;0;3930.255;3644.262143;;;
1338;1;;;;;;150.8196429;;;;;
1339;1;;;;;;8518.8575;;;;;
1340;1;;;;;;50.72035714;;;;;
1341;1;;;;;;5413.299286;;;;;
1342;1;;;1;;;14998.11107;;;0;;
1343;1;;;1;;1;77.94142857;;;0;;3681.46
1344;1;;;1;;;33954.50286;;;0;;
1345;1;2;;;1;1;490.44;73.4625;;;158.6428571;4250.116786
1346;2;;;;;;651.4214286;;;;;
1347;1;;;1;;;11238.1775;;;118.4496429;;
1348;1;1;3;;;;5316.222857;3786.695;308.8821429;;;
1349;1;;;1;;;172.2239286;;;0;;
1350;1;;;;;;4.249642857;;;;;
1351;1;1;5;;;;45.98107143;7402.633929;932.4157143;;;
1352;1;;;;;;2228.393929;;;;;
1353;1;;;;1;;1257.375357;;;;30.06607143;
1354;1;;;;;;21425.31143;;;;;
1355;1;;;;;;0.593214286;;;;;
1356;1;;;;;;235.3210714;;;;;
1357;1;;;;;;2.428214286;;;;;
1358;1;1;;;;;8.240357143;5352.294286;;;;
1359;1;1;;;;;6202.357857;1269.086786;;;;
1360;1;;;;1;;649.8921429;;;;38.78571429;
1361;1;;;;;;2869.156071;;;;;
1362;1;1;;;1;;21933.97143;42857.73;;;352.3739286;
1363;1;;;;;;6533.868571;;;;;
1364;1;1;;1;;;0;4846.536429;;260.8635714;;
1365;1;1;;;;;5130.735357;3772.054286;;;;
1366;1;;;1;;;47.16107143;;;0;;
1367;1;1;;;;;0;39664.08607;;;;
1368;1;;;;;;49585.30179;;;;;
1369;1;;;1;1;;19.86285714;;;0;611.7210714;
1370;1;;;;1;;340.855;;;;712.2960714;
1371;1;;;;;;758.8221429;;;;;
1372;1;1;;;;;224.7582143;549.0392857;;;;
1373;1;;;;;;1162.360357;;;;;
1374;1;;;1;;;0.83;;;0;;
1375;1;;;;;;47.82821429;;;;;
1376;1;;;;;1;123.9821429;;;;;2953.8125
1377;3;;;;;;289.5892857;;;;;
1378;1;;;1;;;247.3214286;;;1019.0025;;
1379;1;;;;;;364.6164286;;;;;
1380;1;;;;;;3572.45;;;;;
1381;1;;;;;;144.8714286;;;;;
1382;1;;;1;;;428.8196429;;;0;;
1383;1;1;6;;;;199.8210714;2582.329286;0;;;
1384;1;1;;1;1;;8270.066429;237.1489286;;713.1942857;479.3607143;
1385;1;1;;1;;;222.8617857;9141.175;;680.8517857;;
1386;1;1;;;;;74.68214286;27918.04536;;;;
1387;1;;;1;;1;853.3428571;;;0;;11462.72036
1388;1;1;;1;;;463.3807143;5370.509286;;0;;
1389;1;;;;;;10944.83607;;;;;
1390;1;;;;;;13.5425;;;;;
1391;1;;;;;;2221.302857;;;;;
1392;1;1;3;;;;10.71428571;1726.885714;0;;;
1393;1;;;;;;142.8628571;;;;;
1394;1;;;;;;37.47;;;;;
1395;1;;;;;;926.2092857;;;;;
1396;1;1;3;1;;;4.704642857;26270.41036;9335.085714;0;;
1397;1;;;;;;2.623214286;;;;;
1398;1;;3;;;;0;;0;;;
1399;1;;1;;1;1;0;;0;;301.1157143;5921.967857
1400;1;;;;;;252.7957143;;;;;
1401;1;1;;;;;881.6421429;1430.146071;;;;
1402;1;;;;;;6.307857143;;;;;
1403;1;1;8;;;;4444.185;27030.26571;0;;;
1404;1;;;;;;133.4310714;;;;;
1405;1;;;;;;10056.74607;;;;;
1406;1;;;;;;55383.79786;;;;;
1407;1;;;;;;334.8167857;;;;;
1408;1;1;1;;;;31792.10071;12620.79;0;;;
1409;1;;;1;;;62.53928571;;;0;;
1410;2;1;;;;;47767.96357;20635.04464;;;;
1411;1;;1;;;;2223.128571;;11342.54571;;;
1412;1;;;;1;;5.257142857;;;;536.6857143;
1413;1;1;;;;;237.2960714;56187.43393;;;;
1414;1;1;;;;;171575.8896;7309.168214;;;;
1415;1;1;1;;;;6512.073571;18677.39964;501.0785714;;;
1416;1;;;1;1;;840.7164286;;;301.7503571;0.714285714;
1417;1;1;;;;;633.5125;2632.445357;;;;
1418;1;;;;;;1463.998929;;;;;
1419;1;1;;1;;;3499.619643;35787.10571;;331.2139286;;
1420;1;;;;;;272.3878571;;;;;
1421;1;;;1;;;7480.104643;;;428.8139286;;
1422;1;1;;;;;2612.494643;880.0571429;;;;
1423;1;;;;;;443.8607143;;;;;
1424;1;;6;;;;604.7014286;;1866.071429;;;
1425;1;;4;1;;;645.7096429;;10888.25679;0;;
1426;1;;;;;;61.3575;;;;;
1427;1;1;;;;;6.552142857;19861.2;;;;
1428;1;;;;;;8894.718214;;;;;
1429;1;;;1;1;1;0;;;0;1767.785357;1621.421786
1430;1;;;1;;;3016.431071;;;712.4285714;;
1431;1;;;;;;1046.317143;;;;;
1432;1;;;;;;273.3278571;;;;;
1433;1;;;;;;73.85214286;;;;;
1434;2;3;;;;;13808.47286;10698.81321;;;;
1435;1;;;1;;;874.1217857;;;0;;
1436;1;1;6;;;;1453.905357;2331.711071;4075;;;
1437;1;;;;;;323.1082143;;;;;
1438;1;;;;;;753.5307143;;;;;
1439;1;;;;;;9137.487857;;;;;
1440;1;;;1;;;1380.666429;;;152.2775;;
1441;1;;;;;;116.2875;;;;;
1442;1;;;1;;;0.000357143;;;0;;
1443;1;;;1;;1;2159.653929;;;0;;9107.142857
1444;1;;;;;;2645.34;;;;;
1445;1;1;;1;;;6081.003929;6453.458929;;0;;
1446;1;;;;;;323.6457143;;;;;
1447;1;;;1;;1;13.27857143;;;0;;5083.001429
1448;1;;;;;;587.2010714;;;;;
1449;1;1;;;;;2053.013214;3920.540714;;;;
1450;1;;;;;;83.72214286;;;;;
1451;1;;;;;;1877.068214;;;;;
1452;1;;;;;;6772.471429;;;;;
1453;1;;;1;;;3702.84;;;339.5896429;;
1454;1;;;;;;0;;;;;
1455;1;1;1;1;;;42.85714286;0;0;0;;
1456;1;1;;;;;0;0;;;;
1457;1;;;;;;2928.815357;;;;;
1458;1;;;;;1;717.5417857;;;;;6734.996786
1459;1;;;1;;;9165.92;;;702.9003571;;
1460;1;;;;;1;2891.678571;;;;;881.3278571
1461;1;;;1;;;38.30357143;;;0;;
1462;1;;;;;;893.9132143;;;;;
1463;1;;;;;;1041.299286;;;;;
1464;1;;;1;;;1780.7525;;;1670.280714;;
1465;1;;;;;;17.05642857;;;;;
1466;1;;;1;;;21.6275;;;0;;
1467;2;1;;1;;;5013.776071;6003.515357;;1568.879643;;
1468;1;;;1;;;178.5714286;;;0;;
1469;1;1;4;;;;32.54357143;9686.631071;0;;;
1470;2;1;;1;;;0;3250.753929;;0;;
1471;1;;;1;;;4428.725714;;;0;;
1472;1;;;;;;7.142857143;;;;;
1473;1;1;;;1;1;29.02428571;14447.80143;;;653.91;1132.590357
1474;1;1;1;;;;4654.869286;6059.231786;0;;;
1475;1;;;;;;388.8267857;;;;;
1476;1;;11;;;;1138.530357;;24442.24214;;;
1477;1;3;;1;;;1183.053929;212.6289286;;113.845;;
1478;1;;5;;;;513.1835714;;3773.339286;;;
1479;1;;;;;;472.3660714;;;;;
1480;1;;;;;;235.3232143;;;;;
1481;1;;;1;;;6236.142143;;;0;;
1482;1;;;;;;14.48214286;;;;;
1483;1;;;;;;856.2492857;;;;;
1484;1;;;;;;0;;;;;
1485;1;1;1;;;;180.7721429;5295.096786;0;;;
1486;1;;;;;;2373.689643;;;;;
1487;1;1;;;;;8193.206071;58108.25857;;;;
1488;1;;;;;1;0;;;;;3420.845357
1489;1;;;;;;6168.959643;;;;;
1490;1;1;;1;1;;70.70714286;0;;0;888.4632143;
1491;1;;;1;;;15886.91179;;;0;;
1492;1;;2;;;;6.057857143;;9021.251071;;;
1493;1;;;;;;9493.4025;;;;;
1494;1;;;1;1;;88.26964286;;;0;1202.720357;
1495;1;1;;;;;293.1660714;323.3885714;;;;
1496;1;;;;1;;3574.404643;;;;-8.283214286;
1497;1;;;1;;;3.139285714;;;0;;
1498;1;;10;;;;243.1892857;;0;;;
1499;1;;;1;;1;0;;;127.3571429;;12738.25536
1500;1;;;1;;;90.45321429;;;0;;
1501;1;;;1;;;1270.791786;;;0;;
1502;1;;;1;1;;711.0532143;;;558.3321429;408.3689286;
1503;1;;;1;1;;93.58285714;;;0;816.3596429;
1504;1;;1;1;;;249.1964286;;0;0;;
1505;1;3;;1;1;;73.135;3287.658571;;490.5303571;382.625;
1506;1;;;1;;;197.46;;;586.1757143;;
1507;1;1;;;;;4623.956786;29.37321429;;;;
1508;1;1;1;;;;2719.842143;2678.349286;1400.183571;;;
1509;1;1;1;;;;1026.058214;7650.93;308.8821429;;;
1510;1;;;1;1;;0;;;0;1400.918571;
1511;1;;;1;1;1;0;;;0;551.865;971.9839286
1512;2;;;;;;542.1221429;;;;;
1513;1;1;6;;;;0;17859.75786;3732.142857;;;
1514;1;;;;;;31.175;;;;;
1515;1;1;1;;;;4640.969286;11701.81;19866.07143;;;
1516;1;;;;1;;1471.539286;;;;0;
1517;1;;;;;;53.04857143;;;;;
1518;2;;;;;;25.40678571;;;;;
1519;1;;;1;;;165.2125;;;1076.430357;;
1520;1;;;;;;18.07678571;;;;;
1521;2;;;;;;550.2889286;;;;;
1522;1;1;2;;1;;68.95928571;49838.29143;0;;212.1153571;
1523;1;;;;;;3248.681786;;;;;
1524;1;;;;;;91.43357143;;;;;
1525;1;1;;;;;2788.490357;1988.278571;;;;
1526;1;;;;;;10518.6375;;;;;
1527;1;;;1;1;;24.78285714;;;0;17.17857143;
1528;1;;;;;;1032.995;;;;;
1529;1;1;;;;;742.2635714;85471.00071;;;;
1530;1;;;;;;14404.76786;;;;;
1531;1;;2;1;;;0;;2331.336786;0;;
1532;1;;2;;;;883.8357143;;0;;;
1533;1;;;;;;38.075;;;;;
1534;2;2;;;;;6300.916786;26708.33286;;;;
1535;1;1;;;1;;142.8571429;0;;;2.357142857;
1536;1;;;;1;;1009.071071;;;;2.357142857;
1537;1;;;;;;224.2932143;;;;;
1538;1;1;;;;;2238.265714;0.010357143;;;;
1539;1;3;;1;1;;46.25;8.480714286;;0;1.428571429;
1540;1;;;1;;;764.3778571;;;0;;
1541;1;;;;;;548.3846429;;;;;
1542;1;1;;;1;;54.0375;7554.286786;;;0.714285714;
1543;1;1;4;;;;0.388214286;4679.489286;0;;;
1544;1;;;;;;424.2896429;;;;;
1545;1;1;;;;;8478.090357;281.9692857;;;;
1546;1;;;;;;13574.35679;;;;;
1547;1;;;;;;151.2867857;;;;;
1548;1;;;1;1;;676.7689286;;;0.694642857;0;
1549;1;1;;;;;1161.505714;57906.44357;;;;
1550;1;;;1;;;6233.727143;;;0;;
1551;1;;;1;;;0;;;44.62285714;;
1552;1;;;;;;1771.466786;;;;;
1553;1;;;;;;108.7642857;;;;;
1554;1;;;;;;9641.124643;;;;;
1555;1;;;1;;;393.3885714;;;0;;
1556;1;;;;1;;18.70964286;;;;-15.47928571;
1557;1;;2;;;;55.55464286;;0;;;
1558;2;;;;;;347.0753571;;;;;
1559;1;;;;;;15.71892857;;;;;
1560;1;;5;;;;3522.742857;;0;;;
1561;1;1;;;;;361.4703571;1927.531786;;;;
1562;1;;;;;;270.7457143;;;;;
1563;1;;;1;;;127.6814286;;;0;;
1564;1;;;1;;;45.09785714;;;531.6296429;;
1565;1;;;1;;;822.2410714;;;0;;
1566;1;;;1;;;4024.289286;;;0;;
1567;1;;;;;;5.519285714;;;;;
1568;1;;;;;;24.21428571;;;;;
1569;1;3;32;;;;14341.99786;51.9575;43666.0925;;;
1570;1;;;;;;0;;;;;
1571;1;;;;;;23635.8;;;;;
1572;1;1;1;;1;;346.2367857;0.201071429;7251.969643;;1.785714286;
1573;1;1;;1;1;;0.741071429;2089.938929;;0;274.7428571;
1574;1;;;;;;478.5435714;;;;;
1575;1;;;;;;5204.289643;;;;;
1576;1;;;1;;;2155.66;;;1031.077143;;
1577;1;;;;;;6280.635;;;;;
1578;1;;;;;;125.0478571;;;;;
1579;1;1;3;;;;427.1817857;8593.743929;0;;;
1580;1;1;;;1;1;1773.098214;4105.325;;;709.0103571;2825.505
1581;1;;1;;;;74.36678571;;5907.593929;;;
1582;2;;;1;1;;2.454285714;;;698.2592857;2.357142857;
1583;1;;;;;;4038.971071;;;;;
1584;1;;;;;;0;;;;;
1585;1;;;;;;816.0564286;;;;;
1586;1;;;;;;0;;;;;
1587;1;;;;;;7251.733929;;;;;
1588;1;;;1;;;27856.06929;;;98.8775;;
1589;1;;1;;;;5.280357143;;6823.557143;;;
1590;1;;;;;;2622.9875;;;;;
1591;1;;;1;;;154.5571429;;;0;;
1592;3;;;;;;71.61821429;;;;;
1593;1;1;;;;;2780.175;2650.870357;;;;
1594;1;;;1;;;9218.796071;;;248.4846429;;
1595;1;;;;1;;356.6696429;;;;1.428571429;
1596;1;1;;;;;69.16928571;7168.960714;;;;
1597;1;;;1;;;5844.956071;;;0;;
1598;1;1;;;;;1785.861071;20516.36536;;;;
1599;1;;;;;;7321.431071;;;;;
1600;1;1;;1;;;243.6310714;7280.285714;;0;;
1601;1;1;6;;;;0.725357143;12657.74;44575.35214;;;
1602;1;;;;;;4380.475714;;;;;
1603;4;;;;;;54.42678571;;;;;
1604;1;;;;1;;12.41857143;;;;149.5928571;
1605;2;;;;;;79.14285714;;;;;
1606;1;;;;;1;2366.576786;;;;;270.1967857
1607;1;;;;;1;22887.36893;;;;;744.8082143
1608;1;;;;1;1;554.1657143;;;;1.785714286;3728.290714
1609;1;;;;;;206.8721429;;;;;
1610;1;;;1;;;196.5442857;;;460.0775;;
1611;1;;;1;;;0;;;0;;
1612;1;;;1;;1;170.5932143;;;0;;6250
1613;1;;;;;;676.0085714;;;;;
1614;1;;;;;;0.010357143;;;;;
1615;2;1;;1;;;118.9389286;314.0471429;;0;;
