Client;Sale_MF;Sale_CC;Sale_CL;Revenue_MF;Revenue_CC;Revenue_CL
1094;0;1;0;0;5.138571429;0
1484;1;0;1;25.60910714;0;8.7225
20;0;1;0;0;3.8225;0
1193;0;0;0;0;0;0
142;0;0;0;0;0;0
865;0;0;1;0;0;7.535714286
672;0;1;0;0;1.964285714;0
942;0;1;0;0;36.78571429;0
184;0;1;0;0;5.785714286;0
1513;0;0;1;0;0;13.31571429
849;0;0;1;0;0;12.86821429
1238;0;0;1;0;0;12.6725
1106;0;0;0;0;0;0
1046;0;0;0;0;0;0
288;0;0;0;0;0;0
461;0;0;0;0;0;0
1302;1;1;0;10.12642857;0.428571429;0
689;0;0;0;0;0;0
1305;0;0;0;0;0;0
1221;0;0;0;0;0;0
638;0;0;0;0;0;0
548;0;0;0;0;0;0
806;0;0;1;0;0;12.02392857
120;0;0;1;0;0;7.297857143
1340;0;0;0;0;0;0
1224;0;1;0;0;0.214285714;0
990;0;0;1;0;0;9.318214286
1438;0;0;1;0;0;13.82071429
687;0;0;0;0;0;0
185;1;0;0;1.545357143;0;0
1434;0;0;0;0;0;0
1495;0;0;1;0;0;5.920357143
278;1;0;0;6.188392857;0;0
95;0;0;1;0;0;6.071428571
158;0;0;0;0;0;0
1220;1;0;1;4.910714286;0;4.251428571
1312;0;0;0;0;0;0
879;0;0;0;0;0;0
1415;1;1;0;0.498214286;0.321428571;0
366;0;0;0;0;0;0
256;0;0;0;0;0;0
328;0;0;0;0;0;0
371;0;0;0;0;0;0
1214;0;1;0;0;1.785714286;0
1253;0;1;1;0;6;11.49607143
42;1;0;0;15.27571429;0;0
805;0;0;0;0;0;0
874;0;0;0;0;0;0
904;0;0;1;0;0;8.321428571
795;0;0;1;0;0;10.33357143
691;0;0;1;0;0;4.642857143
985;0;0;1;0;0;3.050357143
1022;0;0;0;0;0;0
1483;0;0;1;0;0;11.71821429
1268;0;0;1;0;0;20.34357143
1401;0;0;0;0;0;0
324;0;0;0;0;0;0
1425;0;1;1;0;6.285714286;24.25
1318;0;0;0;0;0;0
1350;0;0;1;0;0;8.952142857
1180;0;0;0;0;0;0
704;0;1;0;0;7.1075;0
903;1;0;0;4.637857143;0;0
1245;0;0;0;0;0;0
503;0;0;1;0;0;2.107142857
1261;0;0;1;0;0;6.163571429
1118;0;0;0;0;0;0
80;0;0;0;0;0;0
568;0;1;0;0;5.356071429;0
22;0;1;1;0;1.107142857;30.56035714
890;1;1;0;8.936964286;4.25;0
767;1;0;0;0.686964286;0;0
837;0;0;0;0;0;0
1258;1;0;0;0.146785714;0;0
814;0;0;0;0;0;0
1479;0;1;0;0;5.142857143;0
634;0;1;0;0;6.857142857;0
831;1;0;0;2.024642857;0;0
1348;0;1;0;0;1.428571429;0
700;1;0;0;40.67785714;0;0
605;0;0;0;0;0;0
1378;0;0;0;0;0;0
1400;1;0;0;4.657142857;0;0
156;0;0;1;0;0;16.31785714
1182;1;0;0;6.997321429;0;0
81;0;0;0;0;0;0
1515;0;0;0;0;0;0
85;0;0;0;0;0;0
553;0;0;1;0;0;29.78107143
1029;1;1;0;1.217142857;9.785714286;0
417;0;0;1;0;0;36.05071429
563;0;1;0;0;1.3225;0
1376;0;0;1;0;0;3.571428571
303;0;0;1;0;0;5.178571429
520;0;1;0;0;0.214285714;0
203;1;1;1;0.641607143;16.94535714;5.714285714
234;0;1;0;0;0.214285714;0
242;0;0;0;0;0;0
179;0;0;1;0;0;14.13857143
617;0;1;0;0;110.47;0
1159;0;1;1;0;0.893928571;4.830714286
1333;0;0;0;0;0;0
412;0;1;0;0;0.893928571;0
244;1;0;0;9.155357143;0;0
1492;1;0;0;0.815535714;0;0
1467;0;0;1;0;0;5.071428571
1563;0;0;1;0;0;10.77178571
349;1;0;0;65.70410714;0;0
554;0;1;0;0;1.785714286;0
810;0;0;0;0;0;0
66;0;0;0;0;0;0
87;1;0;0;3.875178571;0;0
1034;0;0;0;0;0;0
1166;1;0;0;0.319821429;0;0
711;0;0;0;0;0;0
1608;0;0;0;0;0;0
190;0;0;0;0;0;0
790;1;0;0;6.080178571;0;0
469;0;0;0;0;0;0
1524;0;0;1;0;0;31.80142857
1456;0;1;0;0;3.607142857;0
882;0;0;0;0;0;0
602;0;0;0;0;0;0
1394;0;0;0;0;0;0
1155;0;1;1;0;0.214285714;11.97642857
801;1;1;0;51.96553571;3.928571429;0
1285;0;0;0;0;0;0
149;0;0;0;0;0;0
757;1;0;0;9.939821429;0;0
1361;0;0;0;0;0;0
346;0;0;0;0;0;0
1577;0;0;0;0;0;0
560;0;0;0;0;0;0
549;0;0;0;0;0;0
1152;0;0;0;0;0;0
376;0;0;0;0;0;0
96;0;1;0;0;6.107142857;0
547;1;0;0;2.142321429;0;0
740;0;0;0;0;0;0
845;0;0;0;0;0;0
725;1;0;0;2.594464286;0;0
1206;1;0;0;22.16589286;0;0
1131;0;0;0;0;0;0
209;1;0;0;0.260714286;0;0
478;0;1;0;0;4.5;0
747;1;0;1;0.25;0;3.892857143
49;0;1;0;0;15.24642857;0
776;0;0;1;0;0;3.148928571
271;0;1;1;0;3.573928571;6.642857143
1167;0;1;0;0;2.142857143;0
884;0;0;1;0;0;9.029642857
388;0;1;1;0;37.23321429;7.285714286
1486;0;0;0;0;0;0
600;0;0;1;0;0;10.92857143
873;0;1;1;0;16.52357143;12.75
895;0;1;0;0;4.286785714;0
1091;1;0;1;4.910714286;0;10.10714286
1017;0;0;0;0;0;0
1306;0;1;0;0;0.893928571;0
1259;0;0;1;0;0;12.65928571
1355;0;1;1;0;3.392857143;5.857142857
1500;1;1;1;21.025;2.352857143;6.571428571
761;0;0;0;0;0;0
1158;1;0;0;1.65625;0;0
812;0;0;0;0;0;0
1151;0;1;1;0;9.25;21.27107143
269;0;0;1;0;0;12.54785714
1135;1;0;0;6.136428571;0;0
1381;0;0;0;0;0;0
1311;0;0;0;0;0;0
836;1;1;0;3.416607143;11;0
399;1;0;0;0.0875;0;0
1402;0;0;0;0;0;0
1600;0;1;1;0;3.928571429;9.214285714
122;1;1;0;3.293035714;2.857142857;0
883;1;0;0;2.231964286;0;0
1571;1;1;0;3.45375;4.571428571;0
1301;0;0;0;0;0;0
225;0;0;1;0;0;8.130714286
390;1;0;0;1.379821429;0;0
1035;0;0;1;0;0;15.67857143
457;0;0;0;0;0;0
1307;0;0;0;0;0;0
1532;0;0;0;0;0;0
1157;0;0;0;0;0;0
1436;0;1;1;0;6.285714286;2.107142857
1592;0;0;1;0;0;12.5
1087;1;1;0;8.805892857;4.357142857;0
73;0;1;1;0;1.785714286;18.35392857
1084;0;0;0;0;0;0
402;0;0;0;0;0;0
758;0;0;0;0;0;0
692;0;1;1;0;4.285714286;13.13107143
1195;0;0;1;0;0;3.321428571
721;0;1;0;0;4.464285714;0
372;1;1;1;24.54589286;1.786785714;17.21428571
558;0;0;1;0;0;8.318214286
1322;0;1;0;0;14.28571429;0
238;0;0;0;0;0;0
204;0;0;0;0;0;0
702;0;0;0;0;0;0
69;1;0;0;42.71660714;0;0
316;0;0;1;0;0;15.01535714
1059;1;0;0;1.368928571;0;0
407;0;0;0;0;0;0
452;0;1;0;0;1.964285714;0
763;0;0;0;0;0;0
1254;0;0;1;0;0;2.107142857
732;1;0;1;3.030178571;0;10.21428571
661;0;0;0;0;0;0
630;0;0;1;0;0;16.925
614;1;1;1;83.03803571;3.751071429;4.248214286
398;1;0;0;0.970178571;0;0
512;1;0;0;0.743035714;0;0
823;0;0;0;0;0;0
557;1;0;1;0.396428571;0;2.380714286
1143;1;0;0;2.008392857;0;0
285;0;1;0;0;5.642857143;0
992;0;0;0;0;0;0
533;1;0;0;0.447321429;0;0
483;0;0;1;0;0;10.80964286
826;0;0;1;0;0;2.821428571
1408;1;1;0;1.663571429;5.357142857;0
604;1;0;0;3.079821429;0;0
1020;0;0;0;0;0;0
351;0;1;0;0;3.607142857;0
147;0;0;1;0;0;15.61321429
764;0;0;0;0;0;0
508;0;0;0;0;0;0
281;0;0;0;0;0;0
219;0;1;0;0;4.286785714;0
1607;0;0;0;0;0;0
162;0;0;0;0;0;0
116;0;0;0;0;0;0
361;0;0;0;0;0;0
1325;0;0;0;0;0;0
1392;1;0;1;1.674642857;0;1.75
680;0;0;0;0;0;0
29;0;1;0;0;4.286785714;0
437;1;0;0;54.33035714;0;0
1418;0;0;0;0;0;0
1323;0;0;1;0;0;9.928571429
1473;1;0;0;4.929642857;0;0
48;0;1;0;0;0.893928571;0
1476;0;0;0;0;0;0
102;1;0;1;2.958035714;0;6.9525
193;0;0;0;0;0;0
1149;1;1;0;1.511428571;2.001071429;0
374;0;1;0;0;76.85928571;0
857;0;0;0;0;0;0
1108;0;1;0;0;5.785714286;0
927;1;1;0;9.385714286;3.569285714;0
575;0;1;1;0;15.29178571;8.420714286
1453;0;0;0;0;0;0
679;0;1;1;0;3.392857143;6.9675
631;0;0;0;0;0;0
43;1;1;0;73.04178571;1.964285714;0
230;0;1;0;0;1.964285714;0
529;1;1;0;0.976964286;1.786785714;0
1595;0;0;1;0;0;16.14285714
262;0;0;0;0;0;0
743;0;0;0;0;0;0
1379;0;0;0;0;0;0
47;0;0;1;0;0;4.496071429
79;0;0;0;0;0;0
1293;0;1;1;0;89.76107143;11.54607143
6;0;0;0;0;0;0
15;0;0;0;0;0;0
1409;0;0;1;0;0;4.852142857
436;0;0;0;0;0;0
901;1;0;0;0.144821429;0;0
1593;0;0;0;0;0;0
1362;0;1;0;0;2.857142857;0
377;0;0;0;0;0;0
446;0;0;0;0;0;0
1269;0;0;0;0;0;0
921;0;1;0;0;3.8225;0
192;0;0;1;0;0;6.857142857
497;0;1;0;0;3.535714286;0
960;0;0;1;0;0;9.821428571
840;0;1;0;0;3.510714286;0
134;0;0;1;0;0;20.14
317;0;1;0;0;4.286785714;0
585;0;1;0;0;6.253214286;0
928;0;0;0;0;0;0
72;0;0;0;0;0;0
1383;1;1;0;10.90982143;4.642857143;0
666;0;1;0;0;6.785714286;0
1346;0;1;0;0;0.214285714;0
1068;0;0;0;0;0;0
493;0;0;0;0;0;0
1044;0;0;0;0;0;0
588;0;0;0;0;0;0
107;0;0;0;0;0;0
1397;0;0;0;0;0;0
913;0;0;0;0;0;0
425;0;0;0;0;0;0
611;1;0;1;17.25375;0;10.38678571
561;0;0;1;0;0;5.214285714
68;0;1;0;0;3.5;0
1590;0;0;1;0;0;4.607142857
1142;0;0;0;0;0;0
598;1;0;0;0.163571429;0;0
248;0;1;0;0;10.60821429;0
1018;1;0;0;2.641785714;0;0
915;1;0;0;3.490535714;0;0
443;0;0;0;0;0;0
966;0;1;0;0;203.7907143;0
1549;1;1;1;0.368214286;2.679285714;133.2753571
1391;1;0;1;3.349285714;0;4.25
448;1;1;1;1.710892857;213.2928571;22.42464286
365;0;1;0;0;0.891785714;0
1545;0;1;0;0;21.20714286;0
408;0;1;1;0;7;13.25
1279;0;0;0;0;0;0
1027;0;1;0;0;0.892857143;0
1536;1;0;0;1.375714286;0;0
1273;1;1;0;0.777142857;5.785714286;0
501;0;0;1;0;0;15.95214286
290;0;0;0;0;0;0
1462;0;0;0;0;0;0
310;1;0;0;56.13982143;0;0
38;0;0;0;0;0;0
2;0;0;0;0;0;0
17;0;0;0;0;0;0
953;0;0;1;0;0;15.22214286
1412;1;0;0;6.795535714;0;0
997;0;0;0;0;0;0
716;0;0;0;0;0;0
970;0;0;1;0;0;6.321428571
800;0;0;0;0;0;0
1213;0;1;0;0;2.392857143;0
298;0;0;1;0;0;22.96642857
846;0;0;1;0;0;2.553571429
1605;0;0;0;0;0;0
1203;0;0;0;0;0;0
202;0;0;0;0;0;0
251;0;0;0;0;0;0
510;1;0;0;35.51571429;0;0
67;0;0;1;0;0;4.190357143
998;0;0;0;0;0;0
705;0;1;0;0;2.138571429;0
589;0;0;0;0;0;0
1429;0;0;0;0;0;0
569;0;1;0;0;3.607142857;0
78;0;0;0;0;0;0
499;1;0;0;0.570178571;0;0
734;0;1;0;0;4.501071429;0
550;0;0;0;0;0;0
1115;0;0;1;0;0;12.86214286
489;0;0;0;0;0;0
808;0;0;1;0;0;7.428571429
1342;0;0;1;0;0;16.15321429
1190;0;0;1;0;0;4.512142857
804;0;0;0;0;0;0
875;1;0;0;0.282321429;0;0
518;0;1;1;0;4.928571429;12.20821429
642;0;0;1;0;0;14.55821429
343;0;0;0;0;0;0
1335;0;1;0;0;407.9625;0
31;0;0;0;0;0;0
1038;0;0;0;0;0;0
198;0;0;0;0;0;0
872;1;0;0;3.346607143;0;0
1463;0;0;1;0;0;11.78571429
1347;0;0;1;0;0;21.03571429
952;1;1;0;1.189821429;4.285714286;0
581;0;0;0;0;0;0
33;0;1;1;0;3.25;14.98964286
881;0;0;1;0;0;6.664642857
864;1;0;0;30.69732143;0;0
969;0;1;0;0;4.501071429;0
1165;0;1;0;0;3.821428571;0
1552;1;0;0;6.901071429;0;0
421;0;0;1;0;0;10.67857143
335;0;0;1;0;0;4.25
1432;1;0;0;2.260357143;0;0
424;0;0;0;0;0;0
1104;1;0;1;0.699642857;0;6.25
177;0;0;0;0;0;0
1535;0;0;0;0;0;0
441;0;0;1;0;0;6.25
789;0;0;0;0;0;0
856;0;0;0;0;0;0
395;0;1;0;0;7;0
1557;0;0;1;0;0;8.107142857
222;1;0;1;8.917321429;0;2.107142857
1219;0;0;0;0;0;0
304;0;0;1;0;0;20.07142857
911;1;0;1;1.269642857;0;1.071428571
1582;0;0;1;0;0;12.17071429
662;0;0;1;0;0;13.85714286
1197;0;0;0;0;0;0
770;1;0;0;1.595357143;0;0
1239;0;0;0;0;0;0
112;0;0;1;0;0;12.5
1199;0;1;0;0;5.892857143;0
1574;0;0;1;0;0;3.943571429
282;0;1;0;0;7.356785714;0
1209;0;0;1;0;0;9.428571429
552;0;0;0;0;0;0
775;1;0;1;1.996071429;0;19.03571429
1275;1;0;0;0.969821429;0;0
739;0;1;1;0;2.138571429;7.785714286
907;1;0;0;2.288392857;0;0
1572;0;0;0;0;0;0
1011;1;0;0;2.005357143;0;0
527;1;0;1;0.656607143;0;2.678571429
1109;0;0;0;0;0;0
1568;0;1;0;0;3.071428571;0
132;1;0;0;1.473214286;0;0
327;0;0;1;0;0;13
1506;0;0;1;0;0;1.785714286
610;0;0;0;0;0;0
259;0;0;0;0;0;0
745;0;0;0;0;0;0
653;0;0;0;0;0;0
157;0;0;0;0;0;0
1612;0;0;0;0;0;0
159;0;0;1;0;0;9.940357143
777;1;0;1;0.99125;0;12.43857143
1353;1;0;0;6.714821429;0;0
1070;1;0;0;9.376964286;0;0
1078;0;0;1;0;0;9.285714286
1290;0;0;0;0;0;0
663;0;0;0;0;0;0
918;0;0;0;0;0;0
363;0;0;0;0;0;0
277;0;1;0;0;2.429642857;0
1117;0;0;1;0;0;18.68464286
481;0;0;0;0;0;0
113;0;0;0;0;0;0
1522;0;1;0;0;11.17678571;0
1564;1;0;1;9.290178571;0;6.928571429
686;1;1;1;0.629285714;8.392857143;18.78571429
1236;0;0;0;0;0;0
1128;0;0;0;0;0;0
947;0;0;1;0;0;16.33892857
859;0;0;1;0;0;4.166785714
1602;0;0;0;0;0;0
593;0;0;1;0;0;8.5
1417;0;1;0;0;14.82142857;0
860;0;0;1;0;0;9.107142857
445;1;0;0;1.368392857;0;0
1099;0;0;0;0;0;0
507;1;0;0;1.798035714;0;0
1442;1;0;1;8.280714286;0;15.8
1308;0;0;1;0;0;12.96107143
1469;1;1;0;22.7425;0.214285714;0
1534;0;1;1;0;2.607142857;21.89285714
1196;0;0;1;0;0;17.6625
268;0;0;0;0;0;0
1217;0;0;0;0;0;0
939;1;0;0;1.585;0;0
1014;0;1;0;0;5.392857143;0
712;0;0;0;0;0;0
492;0;1;1;0;13.21428571;1.071428571
502;1;0;0;6.042321429;0;0
210;0;0;0;0;0;0
932;0;0;0;0;0;0
1189;0;0;0;0;0;0
428;0;1;0;0;2.714285714;0
1570;0;0;0;0;0;0
470;0;0;1;0;0;10.60714286
1576;0;0;0;0;0;0
319;1;0;0;5.415;0;0
1113;0;0;1;0;0;15.86321429
444;0;0;1;0;0;12.04607143
1216;0;0;0;0;0;0
678;0;0;1;0;0;17.15464286
34;1;0;0;0.601071429;0;0
597;0;0;0;0;0;0
684;0;0;0;0;0;0
387;0;0;1;0;0;10.31035714
802;0;0;1;0;0;13.07142857
253;0;0;0;0;0;0
337;0;0;0;0;0;0
1169;1;1;1;2.461964286;5.170357143;46.39285714
1286;0;0;0;0;0;0
1230;1;0;0;1.5475;0;0
1527;0;0;1;0;0;6.678571429
88;0;0;0;0;0;0
189;0;0;0;0;0;0
173;0;0;0;0;0;0
729;0;1;1;0;3.502142857;28.14892857
784;0;0;0;0;0;0
995;0;0;0;0;0;0
1464;0;0;0;0;0;0
404;0;0;1;0;0;21
187;1;0;1;2.701071429;0;15.75
869;0;0;0;0;0;0
465;0;1;0;0;8;0
300;0;0;1;0;0;12.03571429
60;0;0;0;0;0;0
27;1;0;0;220.4882143;0;0
819;0;0;0;0;0;0
1154;0;1;0;0;12.51892857;0
1040;1;1;0;1.4325;5.428571429;0
247;0;0;0;0;0;0
495;0;0;1;0;0;4.488214286
1184;0;0;0;0;0;0
1615;0;0;0;0;0;0
1581;0;0;0;0;0;0
1490;0;0;0;0;0;0
719;0;0;0;0;0;0
988;0;0;0;0;0;0
1502;1;0;1;34.01660714;0;5.368928571
1567;0;0;0;0;0;0
1256;0;0;0;0;0;0
1364;0;1;1;0;14.28571429;22.70392857
1384;0;1;0;0;4.607142857;0
843;0;0;0;0;0;0
384;0;1;1;0;6.107142857;12.50607143
572;0;0;0;0;0;0
1317;1;0;0;5.987678571;0;0
793;0;1;0;0;6.892857143;0
971;0;0;0;0;0;0
295;0;0;0;0;0;0
855;0;0;1;0;0;17.64285714
1454;0;0;0;0;0;0
8;0;0;0;0;0;0
1045;0;0;0;0;0;0
1585;1;0;1;3.410892857;0;16.54785714
1298;0;0;1;0;0;25.24321429
564;0;1;0;0;28.705;0
730;0;1;1;0;7.535714286;2.428571429
416;1;0;0;10.36303571;0;0
35;0;0;0;0;0;0
186;0;0;0;0;0;0
397;0;0;0;0;0;0
53;0;0;0;0;0;0
1023;0;0;0;0;0;0
896;0;0;0;0;0;0
703;0;0;1;0;0;2.107142857
773;0;0;0;0;0;0
221;0;0;1;0;0;7.243214286
1060;0;1;1;0;8.071428571;4.913571429
482;0;0;1;0;0;10.82142857
755;0;0;0;0;0;0
623;0;0;0;0;0;0
670;0;0;0;0;0;0
171;1;1;0;6.762142857;9;0
1505;0;1;0;0;0.214285714;0
1043;0;1;0;0;2.857142857;0
924;0;1;0;0;25.04035714;0
1327;0;0;0;0;0;0
1140;0;0;0;0;0;0
627;0;0;1;0;0;9.3025
46;0;1;0;0;7.1525;0
1309;0;1;0;0;2.392857143;0
982;0;1;0;0;6.785714286;0
1427;0;0;1;0;0;10.35714286
926;0;1;0;0;3.392857143;0
542;0;1;1;0;1.785714286;20.21428571
993;1;0;0;0.274642857;0;0
1514;1;0;1;5.40125;0;13.51607143
341;0;0;1;0;0;9.75
453;0;0;0;0;0;0
195;0;0;0;0;0;0
1223;0;0;1;0;0;18.0525
698;0;0;0;0;0;0
1019;0;0;0;0;0;0
477;1;0;1;22.09821429;0;4.214285714
418;0;0;0;0;0;0
380;0;0;1;0;0;15.82142857
744;0;0;0;0;0;0
1055;1;0;0;0.516428571;0;0
693;1;0;1;0.213571429;0;17.10714286
1328;0;0;0;0;0;0
578;1;0;1;10.88357143;0;9.9925
1160;0;1;1;0;0.857142857;17.99321429
1053;0;0;0;0;0;0
1575;0;0;0;0;0;0
1036;0;0;0;0;0;0
494;1;0;0;4.361785714;0;0
1141;0;1;0;0;4.035714286;0
480;0;0;1;0;0;10.71428571
1103;0;1;0;0;6.464285714;0
163;0;0;0;0;0;0
215;0;0;1;0;0;12.51178571
694;0;1;0;0;5.5725;0
1274;0;0;0;0;0;0
1191;0;1;1;0;0.214285714;18.38285714
962;0;0;0;0;0;0
1291;0;0;1;0;0;11.10142857
922;0;0;1;0;0;4.214285714
44;0;1;0;0;4.464285714;0
1171;0;0;0;0;0;0
212;0;0;0;0;0;0
220;0;0;0;0;0;0
1048;0;0;0;0;0;0
433;0;0;0;0;0;0
1246;0;1;1;0;4.464285714;4.785714286
771;0;0;0;0;0;0
1367;0;1;0;0;5.177142857;0
130;1;0;0;0.067142857;0;0
644;1;1;0;9.138928571;4.286785714;0
334;0;1;0;0;1.786785714;0
1533;0;0;0;0;0;0
981;0;0;0;0;0;0
1061;0;0;0;0;0;0
1371;0;0;0;0;0;0
582;0;0;1;0;0;9.589285714
1178;0;1;0;0;3.071428571;0
1235;0;0;0;0;0;0
131;1;1;0;3.138928571;4.642857143;0
1351;0;0;0;0;0;0
573;0;0;0;0;0;0
1496;1;0;0;5.77125;0;0
1517;0;0;1;0;0;13.92857143
1554;0;1;0;0;2.138571429;0
413;0;0;1;0;0;11.71428571
275;0;1;0;0;6.428571429;0
1303;0;1;0;0;6;0
92;0;0;0;0;0;0
466;0;0;0;0;0;0
1170;0;1;0;0;0.893928571;0
45;0;1;1;0;15.39392857;5.556785714
735;1;0;0;4.37375;0;0
1025;0;0;1;0;0;12.96428571
1264;1;0;0;36.82660714;0;0
629;0;1;0;0;49.08071429;0
1066;0;0;0;0;0;0
486;0;0;0;0;0;0
1212;1;0;0;2.999285714;0;0
1175;1;1;1;7.892857143;5.179642857;12.78571429
103;0;1;0;0;12.25642857;0
1282;1;0;0;1.423035714;0;0
462;0;0;0;0;0;0
741;0;1;0;0;8.934285714;0
420;0;1;0;0;6.785714286;0
1255;0;1;0;0;4.714285714;0
892;0;0;0;0;0;0
322;0;1;0;0;1.785714286;0
491;0;0;1;0;0;5.162857143
824;0;0;0;0;0;0
250;0;0;0;0;0;0
643;1;0;1;32.04017857;0;15.29357143
941;0;0;1;0;0;19.75
205;0;0;0;0;0;0
1198;0;0;0;0;0;0
108;0;0;0;0;0;0
1266;0;1;0;0;8.607142857;0
422;0;0;1;0;0;1.071428571
1032;0;0;0;0;0;0
754;0;1;1;0;39.27678571;9.176785714
736;0;0;0;0;0;0
58;0;0;0;0;0;0
1284;0;0;1;0;0;15.03571429
718;1;0;0;8.301785714;0;0
1601;0;0;0;0;0;0
964;0;1;0;0;3.751071429;0
23;0;0;1;0;0;8.25
71;0;0;0;0;0;0
576;0;1;0;0;4.396785714;0
75;1;0;0;0.004821429;0;0
213;0;0;1;0;0;19.10714286
1000;0;0;1;0;0;11.71428571
1083;0;0;1;0;0;27.55178571
1125;0;0;0;0;0;0
1144;0;1;0;0;4.357142857;0
1523;0;0;0;0;0;0
937;0;0;0;0;0;0
143;1;0;1;5.416428571;0;2.410714286
1163;0;1;1;0;7.642857143;7.635
1404;0;1;0;0;1.786785714;0
675;1;0;0;0.017678571;0;0
723;0;0;0;0;0;0
1413;1;1;0;1.676607143;6.964285714;0
378;0;0;0;0;0;0
963;0;1;0;0;0.893928571;0
742;0;0;0;0;0;0
1337;1;0;0;3.900178571;0;0
1003;0;0;0;0;0;0
920;0;0;0;0;0;0
917;0;0;1;0;0;3.928571429
1081;0;0;0;0;0;0
90;0;0;0;0;0;0
136;0;0;0;0;0;0
1375;0;0;0;0;0;0
838;0;0;1;0;0;3.892857143
618;0;1;0;0;18.57142857;0
825;0;0;0;0;0;0
1267;0;1;1;0;2.858214286;21.82071429
1583;0;0;1;0;0;30.25
1;1;0;0;26.97267857;0;0
914;0;1;1;0;17.31;12.42571429
1450;1;0;0;3.89875;0;0
880;1;0;0;1.249464286;0;0
391;0;0;0;0;0;0
867;0;1;0;0;3.392857143;0
1292;1;0;1;1.0275;0;17.67678571
1137;0;0;0;0;0;0
249;0;0;1;0;0;11.75
272;0;0;1;0;0;13.46964286
858;0;0;0;0;0;0
172;0;0;0;0;0;0
827;0;1;1;0;7.928571429;12.24214286
137;0;1;0;0;9.392857143;0
241;0;0;1;0;0;23.71428571
509;0;0;1;0;0;10.10714286
1547;0;0;0;0;0;0
191;0;0;0;0;0;0
709;0;1;0;0;3.965357143;0
1386;0;0;0;0;0;0
1272;0;0;0;0;0;0
76;0;0;0;0;0;0
254;0;0;0;0;0;0
1539;0;0;0;0;0;0
500;1;0;1;5.881964286;0;10.08321429
1423;0;0;0;0;0;0
1470;1;0;1;2.794107143;0;4.25
297;0;0;0;0;0;0
449;0;1;0;0;0.893928571;0
1542;0;0;0;0;0;0
639;1;1;1;11.37642857;1.321428571;11.57142857
1100;0;0;0;0;0;0
1215;0;0;0;0;0;0
645;0;0;0;0;0;0
956;0;0;1;0;0;19.95821429
1052;1;1;0;1.541428571;4.286785714;0
86;1;0;0;1.457321429;0;0
1334;0;0;0;0;0;0
612;0;0;0;0;0;0
106;0;0;0;0;0;0
160;0;0;1;0;0;17.0475
646;0;0;0;0;0;0
82;0;0;1;0;0;5.396428571
1085;1;0;0;3.763928571;0;0
1161;0;0;0;0;0;0
1471;0;1;0;0;2.108214286;0
83;0;1;1;0;5.25;28.68535714
1372;0;0;1;0;0;10.46428571
93;0;1;0;0;3.392857143;0
556;1;0;0;4.179285714;0;0
1431;0;0;1;0;0;16.47642857
1558;0;0;1;0;0;8.5
1233;0;0;0;0;0;0
648;1;1;0;0.775178571;8.214285714;0
1591;0;0;1;0;0;18.53571429
438;0;1;1;0;4.285714286;18.1725
181;0;0;1;0;0;12.94357143
56;0;0;0;0;0;0
1437;0;0;0;0;0;0
1368;0;1;0;0;3.714285714;0
1499;0;0;1;0;0;7.107142857
544;1;0;1;0.059821429;0;17.78571429
1461;0;1;0;0;4.285714286;0
236;0;1;1;0;4.821428571;32.13285714
762;0;1;0;0;0.214285714;0
1396;1;1;0;3.066428571;0.214285714;0
900;0;1;1;0;7.392857143;24.7975
809;0;1;1;0;6.964285714;8.262142857
148;1;0;0;4.234464286;0;0
821;0;0;1;0;0;10.25
943;0;0;0;0;0;0
129;1;0;1;28.29553571;0;6.138928571
37;0;1;0;0;0.642857143;0
1277;1;1;0;4.704821429;2.857142857;0
877;0;0;0;0;0;0
1265;0;0;1;0;0;17.17535714
930;0;0;0;0;0;0
123;0;0;1;0;0;10.46107143
447;0;0;1;0;0;9.916785714
472;0;0;0;0;0;0
737;0;0;0;0;0;0
950;1;0;0;0.601428571;0;0
50;0;0;0;0;0;0
475;0;1;0;0;42.68857143;0
385;0;1;0;0;4.5;0
1613;1;0;0;2.088571429;0;0
833;0;1;0;0;4.999285714;0
323;1;1;0;0.7625;4.036785714;0
934;0;0;0;0;0;0
451;0;0;1;0;0;3.261071429
1232;1;1;0;1.825357143;6.035714286;0
455;0;1;1;0;18.29214286;10.57142857
306;0;1;0;0;5.357142857;0
114;0;0;0;0;0;0
885;0;0;0;0;0;0
1555;0;0;1;0;0;12.35714286
194;0;1;0;0;5.407142857;0
1012;0;0;1;0;0;2.107142857
1202;0;0;0;0;0;0
683;1;0;0;0.192321429;0;0
546;0;1;0;0;8.928214286;0
339;1;0;0;8.502857143;0;0
619;0;0;0;0;0;0
1439;0;0;0;0;0;0
65;0;0;0;0;0;0
636;0;0;0;0;0;0
292;1;0;0;0.64125;0;0
348;0;0;1;0;0;8.321428571
1276;0;0;0;0;0;0
584;0;0;1;0;0;8.75
1287;0;1;0;0;1.964285714;0
1519;0;1;0;0;0.428571429;0
320;0;0;0;0;0;0
1168;0;0;0;0;0;0
1459;0;0;0;0;0;0
606;0;0;0;0;0;0
414;0;0;0;0;0;0
624;0;0;0;0;0;0
898;0;1;0;0;11.53571429;0
944;1;0;0;15.77892857;0;0
1056;1;0;1;10.52714286;0;12
1406;0;1;0;0;3.431428571;0
1130;0;0;1;0;0;16.92857143
1403;0;0;1;0;0;17.21428571
1565;0;0;1;0;0;15.71428571
208;0;0;1;0;0;5.801785714
1283;0;0;0;0;0;0
671;0;0;0;0;0;0
40;0;0;0;0;0;0
1537;1;0;1;38.43142857;0;3.892857143
1001;0;1;0;0;10.10571429;0
284;0;1;1;0;0.893214286;14.98821429
14;0;0;0;0;0;0
264;0;0;0;0;0;0
658;0;1;1;0;0.214285714;6.233928571
1164;0;0;0;0;0;0
608;1;0;1;3.20375;0;7.753928571
302;0;0;0;0;0;0
1005;0;0;1;0;0;10.96428571
167;1;0;0;1.703214286;0;0
1481;0;0;0;0;0;0
682;0;1;1;0;0.214285714;9.392857143
751;0;0;0;0;0;0
534;0;0;0;0;0;0
1528;0;0;0;0;0;0
1387;0;0;0;0;0;0
935;1;0;0;2.344821429;0;0
13;0;0;0;0;0;0
537;0;0;1;0;0;13.21428571
405;0;0;0;0;0;0
178;1;0;0;1.581428571;0;0
315;0;0;0;0;0;0
1016;0;0;0;0;0;0
1179;0;0;1;0;0;15.78571429
1388;0;0;0;0;0;0
118;0;0;1;0;0;11.3825
850;0;1;0;0;0.893928571;0
526;0;0;0;0;0;0
815;0;0;0;0;0;0
1580;0;0;0;0;0;0
291;0;1;0;0;6.607142857;0
621;0;0;0;0;0;0
1231;0;0;1;0;0;24.43464286
1452;0;0;0;0;0;0
673;1;0;1;24.13589286;0;12.50857143
601;0;1;0;0;6.8625;0
1560;0;0;0;0;0;0
245;0;0;1;0;0;5.685357143
1121;0;0;1;0;0;15.38892857
1042;1;1;0;0.916785714;14.5;0
279;0;0;1;0;0;4.214285714
182;1;0;0;5.793928571;0;0
980;0;1;0;0;7.678571429;0
1079;0;0;1;0;0;4.089285714
1579;0;0;1;0;0;4.388928571
1330;0;1;0;0;4.357142857;0
360;0;0;1;0;0;14.19821429
1065;0;0;1;0;0;8.571428571
609;0;0;0;0;0;0
308;0;0;0;0;0;0
628;0;1;0;0;5.465357143;0
1488;0;0;1;0;0;6.071428571
973;1;0;0;0.686428571;0;0
591;1;1;0;0.522857143;1.786785714;0
906;0;0;1;0;0;2.107142857
536;0;0;0;0;0;0
344;0;0;0;0;0;0
1399;1;1;1;27.23375;5.142857143;11.17857143
1294;0;0;0;0;0;0
1067;0;0;0;0;0;0
774;0;0;0;0;0;0
1006;0;0;0;0;0;0
1531;0;0;0;0;0;0
551;0;0;0;0;0;0
792;1;0;1;52.61821429;0;16.2475
714;0;1;0;0;0.214285714;0
657;0;0;0;0;0;0
720;0;0;1;0;0;10.1575
1111;1;0;1;0.821785714;0;23.75
1538;0;1;1;0;1.714285714;9.964285714
599;0;0;0;0;0;0
321;0;0;0;0;0;0
753;0;0;0;0;0;0
1472;0;0;0;0;0;0
1584;0;0;1;0;0;5.083571429
746;0;0;0;0;0;0
415;0;1;1;0;16.42857143;27.2575
961;0;1;1;0;12.85892857;10.56
525;1;1;1;5.942857143;2.108214286;7.586428571
946;0;1;0;0;0.644285714;0
1208;0;0;0;0;0;0
21;0;1;0;0;3.607142857;0
514;0;0;0;0;0;0
218;0;0;0;0;0;0
1177;0;0;1;0;0;15.07142857
822;0;0;0;0;0;0
1058;0;0;1;0;0;27.32357143
1075;0;0;0;0;0;0
574;0;0;0;0;0;0
979;0;0;0;0;0;0
36;1;0;0;0.238035714;0;0
984;0;0;0;0;0;0
713;0;0;1;0;0;11.875
1033;1;0;1;1.129107143;0;2.7025
908;0;1;0;0;26.99821429;0
139;0;0;0;0;0;0
442;0;0;0;0;0;0
1299;0;0;1;0;0;13.11928571
1329;1;0;1;13.35714286;0;7.964285714
888;0;0;0;0;0;0
955;1;0;1;13.05678571;0;5.702142857
782;0;1;0;0;2.001071429;0
615;1;0;0;2.8075;0;0
1556;0;0;0;0;0;0
287;1;0;0;18.48678571;0;0
863;0;0;1;0;0;22.60714286
649;0;1;0;0;3;0
1548;0;0;0;0;0;0
1428;0;0;0;0;0;0
1352;0;0;0;0;0;0
393;0;0;0;0;0;0
1205;0;1;0;0;12.76535714;0
1411;1;0;0;0.799642857;0;0
1369;0;1;0;0;2.466785714;0
294;1;0;0;10.09875;0;0
848;0;0;0;0;0;0
1041;0;1;1;0;3.392857143;17.56321429
1529;0;0;0;0;0;0
1451;0;0;0;0;0;0
370;0;0;0;0;0;0
722;0;0;0;0;0;0
280;0;0;0;0;0;0
1247;1;0;0;20.45107143;0;0
1116;0;0;0;0;0;0
1382;0;0;0;0;0;0
479;0;1;0;0;102.1464286;0
450;0;1;1;0;5.179642857;15.18428571
519;0;1;1;0;5.892857143;5.5
1573;0;1;0;0;5.142857143;0
1030;0;1;1;0;7.821428571;8.428571429
1062;0;0;0;0;0;0
1015;0;0;0;0;0;0
1338;1;0;0;19.46107143;0;0
632;1;0;1;10.28464286;0;13.5475
613;0;1;0;0;0.892857143;0
515;0;0;1;0;0;13.03392857
1345;0;0;1;0;0;14.2075
1344;0;1;0;0;2.857142857;0
26;0;0;0;0;0;0
1188;0;0;0;0;0;0
1561;0;0;1;0;0;4.214285714
1315;1;0;0;2.724642857;0;0
977;1;0;0;1.429642857;0;0
52;0;0;0;0;0;0
989;0;0;0;0;0;0
127;1;1;1;19.35464286;0.071428571;14.07142857
580;0;0;0;0;0;0
1477;0;0;0;0;0;0
252;0;1;0;0;5.638571429;0
1316;0;0;1;0;0;3.3175
905;1;1;1;1.761071429;0.892857143;13.16678571
938;0;1;1;0;4.928571429;7.812142857
434;0;0;0;0;0;0
1596;0;0;1;0;0;9.821428571
