,index,Client,expected_revenue_CL,probabilities_CL,expected_revenue_CC,probabilities_CC,expected_revenue_MF,probabilities_MF,offer_CL,offer_CC,offer_MF,max_possible_ER,Unnamed: 0,Count_CA,Count_SA,Count_MF,Count_OVD,Count_CC,Count_CL,ActBal_CA,ActBal_SA,ActBal_MF,ActBal_OVD,ActBal_CC,ActBal_CL,Age,Tenure,Sale_MF,Sale_CC,Sale_CL,Revenue_MF,Revenue_CC,Revenue_CL,VolumeCred,VolumeCred_CA,TransactionsCred,TransactionsCred_CA,VolumeDeb,VolumeDeb_CA,VolumeDebCash_Card,VolumeDebCashless_Card,VolumeDeb_PaymentOrder,TransactionsDeb,TransactionsDeb_CA,TransactionsDebCash_Card,TransactionsDebCashless_Card,TransactionsDeb_PaymentOrder,credit-debit,Sex__F,Sex__M
0,0,243,26.77398410317677,0.6542027100561568,6.251723445420596,0.5684889672298691,0.0,0.0,1,0,0,26.77398410317677,231,1,1.0,11.0,0.0,0.0,0.0,534.6296429,83283.00821,0.0,0.0,0.0,0.0,20,6,,,,,,,9618.215,9605.281071,11.0,8.0,16060.41714,10703.27429,9714.285714,640.5421429,344.8392857,32.0,31.0,6.0,16.0,7.0,-6442.202139999999,0,1
1,1,697,18.247984584624696,0.6630276106681887,0.0,0.0,1.722962853417431,0.3129351139290296,1,0,0,18.247984584624696,652,1,0.0,0.0,1.0,1.0,0.0,2474.8225,0.0,0.0,0.0,642.2321429,0.0,54,256,,,,,,,6189.925357,4086.611071,44.0,33.0,7339.983929,4206.251429,357.1428571,636.5507143,1769.914643,95.0,39.0,1.0,25.0,31.0,-1150.058572,1,0
2,100,153,0.0,0.0,14.548755169175973,0.8705614732644589,0.0,0.0,0,1,0,14.548755169175973,145,1,1.0,0.0,1.0,0.0,0.0,936.1510714,2514.216071,0.0,0.0,0.0,0.0,67,92,,,,,,,3553.295714,2154.031786,56.0,37.0,3820.026786,2146.888929,264.2857143,418.0132143,1398.142857,92.0,57.0,12.0,15.0,18.0,-266.73107200000004,1,0
3,2,532,12.838623058979843,0.5855798381520326,0.0,0.0,10.67188280001421,0.472455726176571,1,0,0,12.838623058979843,500,1,3.0,0.0,0.0,0.0,0.0,2271.057857,16385.83429,0.0,0.0,0.0,0.0,65,125,,,,,,,10716.40036,10714.28714,3.0,2.0,21457.96429,10743.67857,0.0,0.0,10742.25,6.0,5.0,0.0,0.0,4.0,-10741.56393,0,1
4,3,681,11.147858556792016,0.8042165576889467,0.0,0.0,0.0,0.0,1,0,0,11.147858556792016,638,1,0.0,5.0,1.0,0.0,1.0,4976.04,0.0,46562.31071,0.0,0.0,9916.269643,56,33,,,,,,,2242.641429,1509.510357,14.0,11.0,2224.877143,1693.081786,71.42857143,215.6785714,203.1785714,23.0,13.0,1.0,2.0,4.0,17.76428599999963,1,0
5,101,1445,0.0,0.0,10.948072085541998,0.5160184248807363,0.0,0.0,0,1,0,10.948072085541998,1356,1,1.0,0.0,1.0,0.0,0.0,6081.003929,6453.458929,0.0,0.0,0.0,0.0,27,28,,,,,,,34.76678571,0.0,1.0,0.0,0.0,0.0,0.0,0.0,0.0,0.0,0.0,0.0,0.0,0.0,34.76678571,1,0
6,4,978,10.885373635559512,0.7228375680687108,2.5266718587803347,0.8140057728965778,0.0,0.0,1,0,0,10.885373635559512,917,1,1.0,3.0,0.0,0.0,0.0,139.8389286,37869.08536,0.0,0.0,0.0,0.0,35,44,,,,,,,3.270714286,0.716785714,3.0,2.0,5714.285714,5714.285714,0.0,0.0,0.0,2.0,2.0,0.0,0.0,0.0,-5711.014999714,0,1
7,102,488,0.0,0.0,10.814396997653793,0.3932153999687022,0.0,0.0,0,1,0,10.814396997653793,460,1,2.0,0.0,1.0,0.0,0.0,21.25428571,5247.970357,0.0,0.0,0.0,0.0,59,6,,,,,,,866.0196429,864.9610714,4.0,3.0,695.5725,695.5725,267.8571429,162.8225,263.4285714,22.0,22.0,4.0,8.0,8.0,170.44714290000002,1,0
8,103,1365,0.0,0.0,10.771763228336628,0.8100551725438077,0.0,0.0,0,1,0,10.771763228336628,1281,1,1.0,0.0,0.0,0.0,0.0,5130.735357,3772.054286,0.0,0.0,0.0,0.0,39,227,,,,,,,1586.864643,1586.751071,9.0,8.0,1735.682143,1664.253571,428.5714286,8.860714286,1221.428571,40.0,38.0,15.0,1.0,8.0,-148.8175000000001,1,0
9,5,948,10.552897210733692,0.8386172792172563,0.0,0.0,0.0,0.0,1,0,0,10.552897210733692,889,1,0.0,0.0,0.0,0.0,3.0,2574.7775,0.0,0.0,0.0,0.0,13012.38571,31,182,,,,,,,994.365,913.1789286,3.0,2.0,921.4285714,915.2142857,803.5714286,0.0,0.0,5.0,3.0,1.0,0.0,0.0,72.9364286,0,1
10,6,1237,10.117174184570391,0.7627387057818541,0.0,0.0,0.0,0.0,1,0,0,10.117174184570391,1159,1,1.0,0.0,0.0,0.0,1.0,1028.481429,728.4482143,0.0,0.0,0.0,10059.69571,43,134,,,,,,,1135.518214,844.215,8.0,5.0,856.7178571,810.6821429,92.85714286,4.967857143,558.3571429,22.0,19.0,4.0,2.0,9.0,278.8003569,1,0
11,7,1443,9.541731381884972,0.764655562551237,4.795520055971155,0.6657123961009943,0.0,0.0,1,0,0,9.541731381884972,1354,1,0.0,0.0,1.0,0.0,1.0,2159.653929,0.0,0.0,0.0,0.0,9107.142857,40,152,,,,,,,760.0767857,544.1221429,3.0,2.0,1922.342857,1919.521429,1042.857143,626.7714286,13.60714286,45.0,44.0,16.0,11.0,1.0,-1162.2660713,1,0
12,8,665,9.205249899554092,0.6857891021558349,0.0,0.0,0.0,0.0,1,0,0,9.205249899554092,624,1,0.0,0.0,0.0,0.0,0.0,370.6532143,0.0,0.0,0.0,0.0,0.0,44,153,,,,,,,4422.431071,4422.431071,13.0,13.0,8875.016071,8875.016071,0.0,0.0,1719.557143,15.0,15.0,0.0,0.0,11.0,-4452.585,0,1
13,9,1226,8.995729117603494,0.8913403629067808,0.0,0.0,5.5028788836711655,0.8996804878518416,1,0,0,8.995729117603494,1149,1,0.0,4.0,1.0,1.0,0.0,35.71428571,0.0,15589.22679,0.0,1.178571429,0.0,82,211,,,,,,,2130.237857,1671.907857,16.0,8.0,2241.154643,1678.608571,214.2857143,333.0742857,1005.75,77.0,22.0,6.0,47.0,10.0,-110.91678599999976,1,0
14,10,1076,8.929359461496007,0.3158560834374189,2.381699783719048,0.7569204680993208,0.0,0.0,1,0,0,8.929359461496007,1008,1,1.0,0.0,0.0,0.0,0.0,142.8571429,56803.30714,0.0,0.0,0.0,0.0,22,61,,,,,,,506.4539286,504.8667857,6.0,5.0,679.4589286,679.4589286,571.4285714,0.0,107.8160714,5.0,5.0,1.0,0.0,3.0,-173.00500000000005,1,0
15,104,206,0.0,0.0,8.91618505140935,0.7770994654373063,0.0,0.0,0,1,0,8.91618505140935,196,1,1.0,0.0,0.0,0.0,0.0,11335.07071,22893.82286,0.0,0.0,0.0,0.0,83,205,,,,,,,371.4371429,0.0,3.0,0.0,755.5357143,0.0,0.0,0.0,41.25,3.0,0.0,0.0,0.0,2.0,-384.0985714,0,1
16,11,41,8.915614767171334,0.6655836674305294,1.7536158878699548,0.2891997946346136,0.0,0.0,1,0,0,8.915614767171334,38,1,0.0,0.0,1.0,0.0,0.0,194.9557143,0.0,0.0,1373.342857,0.0,0.0,20,198,,,,,,,1638.628571,1638.628571,4.0,4.0,948.9107143,948.9107143,310.7142857,523.9107143,107.1428571,18.0,18.0,6.0,7.0,1.0,689.7178567,0,1
17,12,1474,8.881681617698224,0.5536523639912552,0.0,0.0,0.0,0.0,1,0,0,8.881681617698224,1385,1,1.0,1.0,0.0,0.0,0.0,4654.869286,6059.231786,0.0,0.0,0.0,0.0,25,240,,,,,,,263.1917857,262.7717857,4.0,3.0,342.0357143,342.0357143,0.0,0.0,338.6428571,8.0,8.0,0.0,0.0,7.0,-78.84392859999997,1,0
18,13,164,8.758843620724623,0.7094201204617424,1.8347372918351552,0.3534140464685378,0.0,0.0,1,0,0,8.758843620724623,155,1,1.0,9.0,0.0,0.0,0.0,2690.460357,2579.983214,2851.120714,0.0,0.0,0.0,40,151,,,,,,,15.63035714,0.0825,2.0,1.0,3623.965,3623.965,107.1428571,595.0721429,2920.5,15.0,15.0,1.0,8.0,5.0,-3608.33464286,1,0
19,14,834,8.731817336009424,0.6362758228001162,0.0,0.0,0.0,0.0,1,0,0,8.731817336009424,782,1,0.0,0.0,1.0,0.0,1.0,4430.363214,0.0,0.0,0.0,0.0,2015.487857,28,78,,,,,,,3488.588214,2380.576071,23.0,20.0,3476.827143,2344.861786,267.8571429,155.6428571,752.7703571,42.0,23.0,5.0,6.0,8.0,11.761070999999902,1,0
20,182,596,0.0,0.0,0.0,0.0,8.584244429544041,0.4808855826927963,0,0,1,8.584244429544041,560,1,0.0,0.0,0.0,0.0,0.0,0.0,0.0,0.0,0.0,0.0,0.0,53,110,,,,,,,10813.93679,10813.93679,4.0,4.0,6814.706071,6814.706071,892.8571429,53.28107143,561.75,24.0,24.0,1.0,3.0,13.0,3999.230719,0,1
21,15,54,8.537172939213818,0.6178222297862305,0.0,0.0,0.0,0.0,1,0,0,8.537172939213818,51,1,0.0,0.0,0.0,0.0,1.0,4.55,0.0,0.0,0.0,0.0,7857.142857,38,149,,,,,,,864.5207143,721.4321429,3.0,2.0,663.4678571,647.7892857,0.0,0.0,107.1428571,6.0,4.0,0.0,0.0,1.0,201.0528572000001,0,1
22,105,389,0.0,0.0,8.324121658542099,0.8259413040313682,4.532577712418241,0.7759895701069036,0,1,0,8.324121658542099,368,1,1.0,28.0,0.0,0.0,0.0,25.2175,100639.6811,0.0,0.0,0.0,0.0,43,158,,,,,,,849.5935714,846.0878571,4.0,3.0,670.8214286,670.8214286,642.8571429,0.0,26.42857143,6.0,6.0,2.0,0.0,1.0,178.77214279999998,0,1
23,16,125,8.3028932049085,0.5542372350157599,0.0,0.0,0.0,0.0,1,0,0,8.3028932049085,118,1,0.0,0.0,1.0,1.0,0.0,0.0,0.0,0.0,0.0,108.1207143,0.0,38,175,,,,,,,1754.083571,892.7896429,13.0,6.0,2070.089286,1764.592857,392.8571429,300.1392857,521.9464286,28.0,17.0,1.0,8.0,13.0,-316.005715,0,1
24,17,710,8.216575608436402,0.4906964931760208,0.0,0.0,0.0,0.0,1,0,0,8.216575608436402,665,1,0.0,0.0,0.0,0.0,0.0,1026.117857,0.0,0.0,0.0,0.0,0.0,33,179,,,,,,,492.6075,492.6075,6.0,6.0,487.9142857,487.9142857,432.1428571,55.77142857,0.0,20.0,20.0,10.0,10.0,0.0,4.693214300000022,1,0
25,18,1358,8.206421258309868,0.5249696872319746,0.0,0.0,0.0,0.0,1,0,0,8.206421258309868,1274,1,1.0,0.0,0.0,0.0,0.0,8.240357143,5352.294286,0.0,0.0,0.0,0.0,25,182,,,,,,,92.98928571,71.43892857,4.0,3.0,0.0,0.0,0.0,0.0,0.0,0.0,0.0,0.0,0.0,0.0,92.98928571,1,0
26,19,674,7.975466666073501,0.539178993223044,0.0,0.0,0.0,0.0,1,0,0,7.975466666073501,632,1,0.0,0.0,1.0,0.0,0.0,16362.98321,0.0,0.0,745.5571429,0.0,0.0,31,263,,,,,,,1552.681071,1552.681071,10.0,10.0,1480.431429,1480.431429,289.2857143,458.7528571,732.1785714,39.0,39.0,3.0,22.0,13.0,72.249642,1,0
27,20,1064,7.927963455736767,0.594823655856371,0.0,0.0,1.3393217065344054,0.3262463513987089,1,0,0,7.927963455736767,997,1,0.0,1.0,0.0,1.0,0.0,23.85642857,0.0,52133.855,0.0,0.0,0.0,39,98,,,,,,,1314.155714,1068.573929,11.0,5.0,1216.635,1120.420714,53.57142857,106.1071429,820.9285714,20.0,14.0,2.0,6.0,7.0,97.520714,0,1
28,21,1343,7.885064303201039,0.6783440336104302,0.0,0.0,0.0,0.0,1,0,0,7.885064303201039,1260,1,0.0,0.0,1.0,0.0,1.0,77.94142857,0.0,0.0,0.0,0.0,3681.46,37,152,,,,,,,3372.385714,2447.036429,27.0,23.0,3839.965,2447.036429,539.2857143,219.4335714,354.5,50.0,28.0,4.0,9.0,4.0,-467.57928600000014,0,1
29,22,1200,7.825382668048632,0.814351190043376,4.468176015895188,0.58593515087719,2.556653069907352,0.4651537133733039,1,0,0,7.825382668048632,1125,1,1.0,2.0,1.0,1.0,0.0,2137.8975,6841.314643,71428.57143,0.0,2.357142857,0.0,50,81,,,,,,,2621.3525,1872.055357,33.0,23.0,3043.395714,1872.055357,392.8571429,315.0910714,53.03571429,51.0,28.0,6.0,9.0,5.0,-422.04321400000026,1,0
30,23,504,7.774966959924254,0.7452685314432445,1.7530521752792505,0.6674024704872149,0.0,0.0,1,0,0,7.774966959924254,475,1,0.0,0.0,0.0,0.0,0.0,20.95,0.0,0.0,0.0,0.0,0.0,20,55,,,,,,,1099.4825,1099.4825,2.0,2.0,5698.346429,5698.346429,2892.857143,2168.025,438.5714286,29.0,29.0,6.0,11.0,7.0,-4598.863929,0,1
31,183,1610,0.0,0.0,0.0,0.0,7.772403215146758,0.6594254191622733,0,0,1,7.772403215146758,1508,1,0.0,0.0,1.0,0.0,0.0,196.5442857,0.0,0.0,460.0775,0.0,0.0,48,92,,,,,,,9415.408929,9358.799286,7.0,5.0,2769.281071,2731.959643,196.4285714,43.88928571,169.3214286,20.0,18.0,3.0,2.0,7.0,6646.127858,1,0
32,24,717,7.566266540870997,0.4594292435770313,0.0,0.0,0.0,0.0,1,0,0,7.566266540870997,672,2,0.0,0.0,0.0,0.0,0.0,3136.734643,0.0,0.0,0.0,0.0,0.0,24,147,,,,,,,407.1585714,407.1585714,2.0,2.0,430.425,430.425,0.0,0.0,0.0,3.0,3.0,0.0,0.0,0.0,-23.266428599999983,0,1
33,25,522,7.532947817442816,0.4778573804317508,0.0,0.0,0.0,0.0,1,0,0,7.532947817442816,491,3,0.0,0.0,0.0,0.0,0.0,1.280714286,0.0,0.0,0.0,0.0,0.0,47,129,,,,,,,1823.5595717378808,1506.3291131148796,5.541902961562697,4.265280403276623,1697.2186582726872,1460.2029032694077,257.93733729376004,150.85040125188218,715.9749306914099,16.006931316950222,13.596723377441714,1.988657844990548,5.24007561436673,4.601134215500945,126.34091346519358,1,0
34,184,1510,0.0,0.0,0.0,0.0,7.398978326951076,0.7359644108437107,0,0,1,7.398978326951076,1417,1,0.0,0.0,1.0,1.0,0.0,0.0,0.0,0.0,0.0,1400.918571,0.0,19,44,,,,,,,21684.49571,21682.11964,7.0,3.0,13882.46429,13880.10714,0.0,0.0,13875.0,18.0,14.0,0.0,0.0,12.0,7802.031419999999,0,1
35,26,1597,7.1727503962020425,0.4853192182190824,2.94614429588911,0.3429720813688147,0.0,0.0,1,0,0,7.1727503962020425,1495,1,0.0,0.0,1.0,0.0,0.0,5844.956071,0.0,0.0,0.0,0.0,0.0,19,181,,,,,,,1740.593929,1242.559643,12.0,9.0,1198.223929,1031.736786,225.0,220.0585714,85.03678571,23.0,17.0,3.0,6.0,4.0,542.3699999999999,0,1
36,27,1123,7.003407904800936,0.4486370053767577,0.0,0.0,0.0,0.0,1,0,0,7.003407904800936,1053,1,0.0,0.0,1.0,0.0,0.0,147.5196429,0.0,0.0,0.0,0.0,0.0,36,192,,,,,,,572.9035714,429.6125,8.0,6.0,502.0821429,429.6125,0.0,0.0,35.71428571,11.0,6.0,0.0,0.0,1.0,70.82142850000002,1,0
37,28,1248,6.921697410842175,0.4080649127982139,0.0,0.0,2.3012684067453613,0.3010693985219767,1,0,0,6.921697410842175,1169,2,0.0,1.0,0.0,0.0,0.0,12.71642857,0.0,10422.84964,0.0,0.0,0.0,28,33,,,,,,,407.2042857,407.2042857,2.0,2.0,31.55714286,31.55714286,0.0,31.55714286,0.0,2.0,2.0,0.0,2.0,0.0,375.64714284,1,0
38,29,119,6.9059504448923565,0.4985189095708678,0.0,0.0,1.555289903917982,0.3490726119492821,1,0,0,6.9059504448923565,112,1,1.0,3.0,0.0,0.0,0.0,194.9589286,3573.113214,8287.8875,0.0,0.0,0.0,25,152,,,,,,,218.9935714,218.1089286,3.0,2.0,89.98214286,89.98214286,0.0,53.94642857,33.64285714,6.0,6.0,0.0,3.0,2.0,129.01142854,1,0
39,30,1377,6.800645612474853,0.4589123037672886,0.0,0.0,0.0,0.0,1,0,0,6.800645612474853,1292,3,0.0,0.0,0.0,0.0,0.0,289.5892857,0.0,0.0,0.0,0.0,0.0,53,171,,,,,,,430.6221429,430.6221429,2.0,2.0,357.6071429,357.6071429,214.2857143,0.0,141.7857143,6.0,6.0,2.0,0.0,1.0,73.01499999999999,1,0
40,31,1051,6.768839720802405,0.6982726748435746,2.351898621846016,0.5682281925366949,0.0,0.0,1,0,0,6.768839720802405,987,1,0.0,0.0,1.0,1.0,1.0,0.0,0.0,0.0,0.0,156.4192857,310.2007143,34,102,,,,,,,10714.2025,1583.329643,16.0,4.0,10748.33929,1220.733571,321.4285714,7.107142857,233.1428571,29.0,17.0,1.0,1.0,9.0,-34.136790000000474,0,1
41,32,1244,6.731440712811722,0.367493887979005,0.0,0.0,0.0,0.0,1,0,0,6.731440712811722,1165,1,0.0,0.0,0.0,0.0,0.0,2392.714643,0.0,0.0,0.0,0.0,0.0,34,152,,,,,,,1823.5595717378808,1506.3291131148796,5.541902961562697,4.265280403276623,1697.2186582726872,1460.2029032694077,257.93733729376004,150.85040125188218,715.9749306914099,16.006931316950222,13.596723377441714,1.988657844990548,5.24007561436673,4.601134215500945,126.34091346519358,1,0
42,185,1093,0.0,0.0,0.0,0.0,6.731343171879816,0.8471413922036755,0,0,1,6.731343171879816,1024,1,0.0,0.0,0.0,0.0,0.0,12568.63714,0.0,0.0,0.0,0.0,0.0,22,181,,,,,,,6342.757143,6342.748214,5.0,4.0,0.008928571,0.0,0.0,0.0,0.0,1.0,0.0,0.0,0.0,0.0,6342.748214429,0,1
43,33,677,6.716596683488561,0.4046641390790427,0.0,0.0,1.6486056623476313,0.3382228284638588,1,0,0,6.716596683488561,635,1,0.0,0.0,0.0,0.0,0.0,71.39071429,0.0,0.0,0.0,0.0,0.0,25,179,,,,,,,475.6814286,475.6814286,2.0,2.0,216.2964286,216.2964286,103.5714286,112.725,0.0,13.0,13.0,4.0,9.0,0.0,259.385,0,1
44,106,1419,0.0,0.0,6.716065088660133,0.7938919932440807,0.0,0.0,0,1,0,6.716065088660133,1332,1,1.0,0.0,1.0,0.0,0.0,3499.619643,35787.10571,0.0,331.2139286,0.0,0.0,35,59,,,,,,,785.5635714,784.9310714,3.0,2.0,601.0714286,601.0714286,428.5714286,0.0,172.5,5.0,5.0,3.0,0.0,2.0,184.4921428,0,1
45,34,311,6.683285912700521,0.4752772568099722,0.0,0.0,1.3217404278323377,0.3374353779303004,1,0,0,6.683285912700521,296,1,0.0,3.0,0.0,0.0,0.0,5780.183929,0.0,22495.41179,0.0,0.0,0.0,20,181,,,,,,,1204.866071,1204.866071,3.0,3.0,724.6314286,724.6314286,0.0,0.0,721.3814286,11.0,11.0,0.0,0.0,10.0,480.2346423999999,0,1
46,107,996,0.0,0.0,6.6788692372790175,0.7957789501794411,0.0,0.0,0,1,0,6.6788692372790175,934,1,0.0,0.0,0.0,0.0,0.0,5689.675357,0.0,0.0,0.0,0.0,0.0,39,1,,,,,,,205.0007143,205.0007143,2.0,2.0,228.5892857,228.5892857,153.5714286,71.26785714,0.0,20.0,20.0,13.0,4.0,0.0,-23.588571400000006,1,0
47,35,889,6.527742337756679,0.4056082523018928,0.0,0.0,0.0,0.0,1,0,0,6.527742337756679,832,1,0.0,0.0,0.0,0.0,0.0,2560.426429,0.0,0.0,0.0,0.0,0.0,36,236,,,,,,,25.0,25.0,1.0,1.0,26.175,26.175,7.142857143,19.03214286,0.0,3.0,3.0,1.0,2.0,0.0,-1.1750000000000007,0,1
48,108,668,0.0,0.0,6.449875496552465,0.6833172737115631,1.4375836356558884,0.4509227826981075,0,1,0,6.449875496552465,627,1,1.0,1.0,1.0,0.0,0.0,586.9492857,43701.96929,0.0,0.0,0.0,0.0,55,119,,,,,,,3420.079643,2734.419643,36.0,30.0,3706.872143,2836.060714,339.2857143,638.7571429,1260.285714,99.0,72.0,10.0,33.0,20.0,-286.7925,1,0
49,109,919,0.0,0.0,6.424663649867259,0.322667123886834,0.0,0.0,0,1,0,6.424663649867259,862,1,0.0,0.0,1.0,0.0,0.0,254.0117857,0.0,0.0,0.0,0.0,0.0,29,5,,,,,,,919.0260714,898.6085714,9.0,7.0,927.6385714,898.8892857,278.5714286,157.6721429,438.7282143,26.0,22.0,4.0,7.0,8.0,-8.612500000000068,1,0
50,36,1594,6.3630788442465045,0.3939315185034189,0.0,0.0,0.0,0.0,1,0,0,6.3630788442465045,1493,1,0.0,0.0,1.0,0.0,0.0,9218.796071,0.0,0.0,248.4846429,0.0,0.0,22,110,,,,,,,882.075,882.075,2.0,2.0,823.3210714,823.3210714,714.2857143,0.0,105.2139286,8.0,8.0,2.0,0.0,5.0,58.7539286,0,1
51,37,1458,6.344054826562736,0.6149343824413709,0.0,0.0,2.095838854226712,0.4268024010060852,1,0,0,6.344054826562736,1369,1,0.0,0.0,0.0,0.0,1.0,717.5417857,0.0,0.0,0.0,0.0,6734.996786,38,152,,,,,,,1400.993214,1332.3225,24.0,23.0,1372.930714,1363.466429,0.0,384.4971429,646.3928571,33.0,31.0,0.0,10.0,14.0,28.0625,0,1
52,38,1603,6.3312357805331,0.512190510717414,0.0,0.0,0.0,0.0,1,0,0,6.3312357805331,1501,4,0.0,0.0,0.0,0.0,0.0,54.42678571,0.0,0.0,0.0,0.0,0.0,52,150,,,,,,,392.8582143,392.8582143,4.0,4.0,361.1071429,361.1071429,135.7142857,225.3928571,0.0,28.0,28.0,7.0,21.0,0.0,31.7510714,0,1
53,39,16,6.278433927973039,0.5521897673818308,0.0,0.0,0.0,0.0,1,0,0,6.278433927973039,14,1,1.0,2.0,0.0,0.0,0.0,10015.92464,31.65857143,68246.335,0.0,0.0,0.0,46,149,,,,,,,394.7125,385.755,3.0,2.0,538.8714286,538.8714286,0.0,59.26428571,479.6071429,11.0,11.0,0.0,1.0,10.0,-144.15892859999997,0,1
54,40,166,6.262406080613018,0.4606738908255594,0.0,0.0,0.0,0.0,1,0,0,6.262406080613018,157,1,0.0,0.0,1.0,0.0,1.0,15.79714286,0.0,0.0,754.9014286,0.0,2216.481429,48,51,,,,,,,1385.913929,1180.379643,15.0,12.0,1454.598214,1191.076786,892.8571429,0.0,71.42857143,23.0,14.0,5.0,0.0,2.0,-68.68428500000005,0,1
55,41,89,6.233938217826662,0.4624096289384926,2.299222868984475,0.3244865063641994,0.0,0.0,1,0,0,6.233938217826662,83,1,1.0,2.0,0.0,0.0,0.0,137.7014286,893.1703571,1462.066071,0.0,0.0,0.0,40,118,,,,,,,1979.155714,1940.126786,6.0,5.0,2601.4375,1887.151786,1089.285714,82.43107143,715.435,24.0,23.0,8.0,2.0,13.0,-622.281786,1,0
56,42,699,6.204537972193833,0.4657201032506141,0.0,0.0,0.0,0.0,1,0,0,6.204537972193833,654,1,0.0,4.0,1.0,0.0,0.0,1823.057143,0.0,18491.44429,0.0,0.0,0.0,37,175,,,,,,,1033.496071,778.37,8.0,6.0,661.4832143,566.1260714,89.28571429,0.0,216.8928571,13.0,10.0,2.0,0.0,5.0,372.0128567,0,1
57,43,728,6.175574011846145,0.3152603565433339,0.0,0.0,0.0,0.0,1,0,0,6.175574011846145,682,1,0.0,0.0,0.0,0.0,0.0,1194.797143,0.0,0.0,0.0,0.0,0.0,37,158,,,,,,,443.0978571,443.0978571,2.0,2.0,27.39285714,27.39285714,0.0,0.0,25.0,3.0,3.0,0.0,0.0,2.0,415.70499996,1,0
58,44,94,6.157912622306115,0.4175412412963847,2.902953939519222,0.3622709858558472,0.0,0.0,1,0,0,6.157912622306115,88,1,1.0,0.0,0.0,0.0,0.0,8079.0425,7620.556071,0.0,0.0,0.0,0.0,22,189,,,,,,,527.6478571,527.3632143,4.0,3.0,367.0892857,367.0892857,232.1428571,79.0,55.30357143,7.0,7.0,1.0,2.0,3.0,160.5585714,0,1
59,45,117,6.144423718118001,0.6209861498126025,0.0,0.0,0.0,0.0,1,0,0,6.144423718118001,110,4,0.0,0.0,1.0,0.0,0.0,0.0,0.0,0.0,0.0,0.0,0.0,43,153,,,,,,,1095.411071,1095.411071,8.0,8.0,1232.391071,1232.391071,0.0,522.0407143,705.5289286,31.0,31.0,0.0,19.0,11.0,-136.98000000000002,1,0
60,46,828,6.1351495053261855,0.5009539932479227,0.0,0.0,0.0,0.0,1,0,0,6.1351495053261855,776,1,0.0,0.0,0.0,0.0,0.0,0.0,0.0,0.0,0.0,0.0,0.0,27,221,,,,,,,110.7221429,110.7221429,2.0,2.0,1.964285714,1.964285714,0.0,0.0,0.0,1.0,1.0,0.0,0.0,0.0,108.757857186,1,0
61,47,696,6.114163906217131,0.4451997018833061,0.0,0.0,0.0,0.0,1,0,0,6.114163906217131,651,1,0.0,0.0,0.0,0.0,1.0,2644.604286,0.0,0.0,0.0,0.0,3301.638571,44,175,,,,,,,1521.250714,1459.827143,5.0,4.0,1591.185714,1584.507143,1035.714286,206.0785714,241.3214286,26.0,24.0,4.0,11.0,7.0,-69.93499999999995,1,0
62,48,9,6.1015052258631295,0.4603545800164643,0.0,0.0,0.0,0.0,1,0,0,6.1015052258631295,7,1,0.0,0.0,1.0,0.0,0.0,510.1664286,0.0,0.0,0.0,0.0,0.0,33,182,,,,,,,527.175,379.7910714,6.0,4.0,415.4607143,375.7053571,53.57142857,0.0,170.7142857,10.0,7.0,1.0,0.0,3.0,111.71428569999996,1,0
63,49,1218,6.052216009668946,0.4716848932195498,1.6374315954671883,0.5253408817990463,0.0,0.0,1,0,0,6.052216009668946,1141,1,1.0,0.0,0.0,0.0,0.0,54.82392857,1584.643214,0.0,0.0,0.0,0.0,36,49,,,,,,,250.6489286,241.8342857,3.0,2.0,3220.535357,6.249642857,0.0,0.0,3214.285714,5.0,2.0,0.0,0.0,3.0,-2969.8864284,1,0
64,50,731,6.024643875452472,0.501678441408027,0.0,0.0,0.0,0.0,1,0,0,6.024643875452472,684,1,0.0,0.0,0.0,0.0,0.0,957.0071429,0.0,0.0,0.0,0.0,0.0,21,181,,,,,,,886.7914286,886.7914286,3.0,3.0,820.6785714,820.6785714,817.8571429,0.0,0.0,11.0,11.0,6.0,0.0,0.0,66.11285720000001,1,0
65,51,524,5.987921701678777,0.536310834741451,0.0,0.0,3.112310895878434,0.4587392626165633,1,0,0,5.987921701678777,493,1,0.0,9.0,0.0,0.0,0.0,57.61178571,0.0,3571.428571,0.0,0.0,0.0,23,153,,,,,,,395.3060714,395.3060714,2.0,2.0,1253.035714,1253.035714,0.0,0.0,0.0,2.0,2.0,0.0,0.0,0.0,-857.7296426,0,1
66,52,121,5.986706008281576,0.7154596834342548,0.0,0.0,0.0,0.0,1,0,0,5.986706008281576,114,1,1.0,1.0,1.0,1.0,0.0,37.82142857,541.4121429,329.6078571,98.14071429,2.357142857,0.0,25,31,,,,,,,2883.950714,2502.466786,9.0,5.0,2519.906429,1147.464286,71.42857143,1372.442143,727.1428571,45.0,19.0,1.0,26.0,17.0,364.044285,1,0
67,53,396,5.9845466269927154,0.3416019625371876,0.0,0.0,0.0,0.0,1,0,0,5.9845466269927154,373,1,0.0,0.0,0.0,0.0,0.0,5669.983929,0.0,0.0,0.0,0.0,0.0,26,96,,,,,,,428.5717857,428.5717857,2.0,2.0,461.8785714,461.8785714,17.85714286,19.02142857,425.0,6.0,6.0,1.0,3.0,2.0,-33.30678569999998,1,0
68,54,1599,5.952117885430324,0.4600852612137355,0.0,0.0,0.0,0.0,1,0,0,5.952117885430324,1497,1,0.0,0.0,0.0,0.0,0.0,7321.431071,0.0,0.0,0.0,0.0,0.0,25,220,,,,,,,44.64285714,44.64285714,2.0,2.0,67.85714286,67.85714286,67.85714286,0.0,0.0,2.0,2.0,2.0,0.0,0.0,-23.21428572,0,1
69,55,1031,5.942709309156913,0.3971887794622415,0.0,0.0,0.0,0.0,1,0,0,5.942709309156913,968,1,0.0,0.0,0.0,0.0,1.0,173.2639286,0.0,0.0,0.0,0.0,2529.568571,40,172,,,,,,,583.5907143,506.7171429,3.0,2.0,673.2857143,664.1785714,535.7142857,14.28571429,0.0,11.0,9.0,3.0,1.0,0.0,-89.69500000000005,0,1
70,186,197,0.0,0.0,0.0,0.0,5.940461799865806,0.4810783580857969,0,0,1,5.940461799865806,187,1,1.0,4.0,0.0,0.0,0.0,686.3078571,191591.1896,0.0,0.0,0.0,0.0,70,58,,,,,,,29178.79607,29178.26893,10.0,9.0,30910.96429,30910.96429,0.0,0.0,2241.357143,11.0,11.0,0.0,0.0,3.0,-1732.1682199999996,0,1
71,56,779,5.934672575526637,0.4929051976847165,0.0,0.0,3.575374675210273,0.4801807569732878,1,0,0,5.934672575526637,729,1,0.0,0.0,1.0,0.0,0.0,567.8696429,0.0,0.0,0.0,0.0,0.0,44,132,,,,,,,3300.076786,2348.742857,29.0,27.0,3602.077857,2185.478571,589.2857143,195.7375,19.85714286,56.0,31.0,7.0,10.0,1.0,-302.00107100000014,0,1
72,110,382,0.0,0.0,5.9217378568049135,0.7269438425911926,0.0,0.0,0,1,0,5.9217378568049135,361,1,1.0,0.0,0.0,0.0,0.0,90.27,46085.245,0.0,0.0,0.0,0.0,29,150,,,,,,,0.209642857,0.000357143,2.0,1.0,17.85714286,17.85714286,17.85714286,0.0,0.0,1.0,1.0,1.0,0.0,0.0,-17.647500003,0,1
73,57,1134,5.867840284844859,0.6997577916599074,0.0,0.0,2.036648494482149,0.4043406484731513,1,0,0,5.867840284844859,1064,1,0.0,0.0,1.0,0.0,1.0,2534.983571,0.0,0.0,0.0,0.0,4249.217857,35,96,,,,,,,2842.708929,2234.196429,31.0,28.0,3054.284643,2216.339286,364.2857143,191.7785714,681.0357143,66.0,40.0,6.0,12.0,11.0,-211.5757140000001,1,0
74,58,1512,5.85100115069051,0.3694576340638508,0.0,0.0,0.0,0.0,1,0,0,5.85100115069051,1419,2,0.0,0.0,0.0,0.0,0.0,542.1221429,0.0,0.0,0.0,0.0,0.0,34,58,,,,,,,71.42892857,71.42892857,2.0,2.0,29.28571429,29.28571429,0.0,27.32142857,0.0,2.0,2.0,0.0,1.0,0.0,42.14321428,1,0
75,59,1194,5.813758781226399,0.4130477714114077,0.0,0.0,0.0,0.0,1,0,0,5.813758781226399,1119,1,0.0,0.0,0.0,0.0,0.0,4.670357143,0.0,0.0,0.0,0.0,0.0,32,149,,,,,,,160.7153571,160.7153571,2.0,2.0,142.8571429,142.8571429,142.8571429,0.0,0.0,1.0,1.0,1.0,0.0,0.0,17.858214199999992,1,0
76,60,871,5.78901747385843,0.5053941363520018,0.0,0.0,0.0,0.0,1,0,0,5.78901747385843,815,1,0.0,0.0,0.0,1.0,2.0,2853.208214,0.0,0.0,0.0,122.1171429,8660.066071,45,157,,,,,,,5649.168571,5415.585357,7.0,3.0,5755.821071,5713.755,714.2857143,88.53571429,4334.239643,21.0,16.0,1.0,2.0,8.0,-106.65250000000016,1,0
77,61,1240,5.770647683346164,0.4658605608771249,0.0,0.0,0.0,0.0,1,0,0,5.770647683346164,1162,1,0.0,0.0,1.0,0.0,2.0,5.842857143,0.0,0.0,0.0,0.0,194.8039286,47,150,,,,,,,5316.912857,3320.011429,30.0,24.0,4826.772857,3320.011429,375.0,14.28571429,861.1428571,47.0,26.0,7.0,1.0,9.0,490.1400000000003,0,1
78,62,289,5.739670933305651,0.3847796701031882,0.0,0.0,0.0,0.0,1,0,0,5.739670933305651,276,1,1.0,2.0,1.0,0.0,0.0,152.8221429,6597.335,0.0,0.0,0.0,0.0,44,150,,,,,,,300.0671429,298.7885714,3.0,2.0,324.8575,324.8575,178.5714286,0.0,143.8932143,5.0,5.0,2.0,0.0,2.0,-24.790357099999994,1,0
79,63,1263,5.715548678617078,0.4835870509574597,0.0,0.0,0.0,0.0,1,0,0,5.715548678617078,1183,1,0.0,0.0,1.0,1.0,1.0,0.0,0.0,0.0,1211.621071,2.357142857,4233.136071,69,103,,,,,,,1287.416429,1087.5775,18.0,11.0,1188.171429,1063.880714,0.0,31.755,471.5,30.0,21.0,0.0,2.0,10.0,99.24500000000012,0,1
80,64,1096,5.69838508909652,0.4329213388577755,0.0,0.0,0.0,0.0,1,0,0,5.69838508909652,1027,1,0.0,4.0,0.0,0.0,0.0,341.0192857,0.0,0.0,0.0,0.0,0.0,39,266,,,,,,,714.2928571,714.2928571,2.0,2.0,505.4857143,505.4857143,0.0,0.0,0.0,3.0,3.0,0.0,0.0,0.0,208.8071428,1,0
81,65,1416,5.635114853937211,0.6278665225672903,0.0,0.0,1.3702290483752344,0.5255809425114527,1,0,0,5.635114853937211,1329,1,0.0,0.0,1.0,1.0,0.0,840.7164286,0.0,0.0,301.7503571,0.714285714,0.0,61,132,,,,,,,788.9535714,655.8960714,6.0,4.0,699.8382143,409.8271429,85.71428571,290.0110714,193.4285714,35.0,10.0,6.0,25.0,2.0,89.11535709999998,0,1
82,66,57,5.630101842463492,0.5089343996723936,0.0,0.0,3.4116981535954825,0.7591042282314275,1,0,0,5.630101842463492,54,1,0.0,0.0,0.0,0.0,0.0,1155.26,0.0,0.0,0.0,0.0,0.0,28,157,,,,,,,134.3575,134.3575,20.0,20.0,183.735,183.735,107.1428571,34.735,36.57142857,6.0,6.0,1.0,2.0,1.0,-49.377500000000026,0,1
83,111,411,0.0,0.0,5.597452781817228,0.8638942642221581,0.0,0.0,0,1,0,5.597452781817228,386,1,0.0,4.0,0.0,1.0,1.0,37207.97429,0.0,0.0,0.0,2.357142857,6852.941071,74,33,,,,,,,1164.606071,1063.324643,6.0,2.0,1661.456786,1639.201786,232.1428571,304.875,484.4642857,41.0,36.0,5.0,12.0,12.0,-496.850715,0,1
84,81,161,5.178689272020351,0.5899598315658359,5.596173412454555,0.8393455854158377,0.0,0.0,0,1,0,5.596173412454555,152,1,1.0,2.0,0.0,0.0,0.0,154.9292857,86.97535714,32280.21393,0.0,0.0,0.0,46,103,,,,,,,14.53285714,2.147142857,23.0,2.0,1.968571429,0.0,0.0,0.0,0.0,20.0,0.0,0.0,0.0,0.0,12.564285711,1,0
85,67,496,5.583364871169873,0.3155794383391317,1.7733497160014626,0.2741816834645316,0.0,0.0,1,0,0,5.583364871169873,467,1,0.0,0.0,0.0,0.0,0.0,0.0,0.0,0.0,0.0,0.0,0.0,35,149,,,,,,,7413.826786,7413.826786,4.0,4.0,8994.598929,8994.598929,4513.758929,224.9771429,4243.577143,63.0,63.0,17.0,15.0,13.0,-1580.772143,0,1
86,68,1295,5.540357014278793,0.3871737628222282,0.0,0.0,0.0,0.0,1,0,0,5.540357014278793,1214,1,0.0,0.0,1.0,1.0,1.0,1651.142857,0.0,0.0,901.6160714,216.9971429,301.5546429,32,162,,,,,,,890.6732143,737.9678571,6.0,2.0,931.2207143,867.3921429,178.5714286,207.9857143,16.51785714,21.0,15.0,2.0,8.0,3.0,-40.547500000000014,0,1
87,69,1119,5.492845519648714,0.5785011275009241,0.0,0.0,2.9604337188904584,0.6923729869637577,1,0,0,5.492845519648714,1049,1,0.0,7.0,1.0,0.0,0.0,3352.822143,0.0,0.0,0.0,0.0,0.0,22,177,,,,,,,2681.942857,2106.41,21.0,18.0,2965.727857,2347.890714,53.57142857,617.5907143,1097.588571,66.0,52.0,1.0,32.0,15.0,-283.78499999999985,1,0
88,70,1587,5.464900873963078,0.424159344311778,0.0,0.0,0.0,0.0,1,0,0,5.464900873963078,1487,1,0.0,0.0,0.0,0.0,0.0,7251.733929,0.0,0.0,0.0,0.0,0.0,40,13,,,,,,,150.0532143,150.0532143,3.0,3.0,3152.661071,3152.661071,71.42857143,110.8753571,2968.071429,9.0,9.0,1.0,2.0,5.0,-3002.6078567,1,0
89,71,333,5.433691968335336,0.3645930571650174,0.0,0.0,0.0,0.0,1,0,0,5.433691968335336,315,1,0.0,0.0,0.0,0.0,0.0,97.43107143,0.0,0.0,0.0,0.0,0.0,33,203,,,,,,,428.2153571,428.2153571,2.0,2.0,405.0482143,405.0482143,232.1428571,141.7982143,27.14285714,12.0,12.0,2.0,5.0,2.0,23.167142800000025,0,1
90,72,231,5.417178390684081,0.571062668871361,0.0,0.0,0.0,0.0,1,0,0,5.417178390684081,219,2,0.0,0.0,1.0,0.0,0.0,113.7810714,0.0,0.0,0.0,0.0,0.0,27,216,,,,,,,899.3146429,857.4328571,8.0,6.0,886.3235714,844.4635714,392.8571429,123.6535714,284.1782143,24.0,22.0,2.0,9.0,7.0,12.991071499999975,0,1
91,73,999,5.371502948001681,0.3804258699335643,0.0,0.0,0.0,0.0,1,0,0,5.371502948001681,937,1,0.0,0.0,0.0,0.0,0.0,26.30392857,0.0,0.0,0.0,0.0,0.0,26,85,,,,,,,60.78607143,60.78607143,2.0,2.0,56.87142857,56.87142857,53.57142857,2.05,0.0,5.0,5.0,3.0,1.0,0.0,3.9146428600000007,1,0
92,74,235,5.349369562799981,0.4509338351707129,0.0,0.0,0.0,0.0,1,0,0,5.349369562799981,223,1,0.0,0.0,0.0,0.0,1.0,253.8321429,0.0,0.0,0.0,0.0,1685.725,26,146,,,,,,,1037.659643,995.4771429,5.0,4.0,1122.417857,1116.310714,357.1428571,27.58928571,506.7142857,24.0,22.0,1.0,2.0,15.0,-84.75821399999995,1,0
93,75,1349,5.314139216315885,0.4035902994905648,3.729701883162989,0.5194501306854369,0.0,0.0,1,0,0,5.314139216315885,1266,1,0.0,0.0,1.0,0.0,0.0,172.2239286,0.0,0.0,0.0,0.0,0.0,50,229,,,,,,,142.8582143,142.8582143,2.0,2.0,196.6,196.6,160.7142857,35.88571429,0.0,19.0,19.0,11.0,8.0,0.0,-53.74178570000001,0,1
94,76,1147,5.293074003859479,0.3780255474300529,0.0,0.0,0.0,0.0,1,0,0,5.293074003859479,1077,1,0.0,0.0,0.0,0.0,0.0,27.19535714,0.0,0.0,0.0,0.0,0.0,38,164,,,,,,,673.8225,673.8225,6.0,6.0,648.3921429,648.3921429,10.71428571,0.0,633.9635714,17.0,17.0,1.0,0.0,15.0,25.43035710000004,1,0
95,77,1110,5.288475632130646,0.3537486394460367,3.3153825040580105,0.2586163806325328,0.0,0.0,1,0,0,5.288475632130646,1040,1,0.0,0.0,1.0,0.0,0.0,24.37964286,0.0,0.0,54.335,0.0,0.0,42,155,,,,,,,1274.316071,1274.316071,2.0,2.0,1640.553571,1640.553571,464.2857143,286.535,523.4042857,27.0,27.0,4.0,8.0,12.0,-366.2375,1,0
96,78,261,5.262966302763943,0.4738312484743244,0.0,0.0,0.0,0.0,1,0,0,5.262966302763943,249,1,0.0,0.0,0.0,0.0,0.0,194.695,0.0,0.0,0.0,0.0,0.0,18,152,,,,,,,125.0621429,125.0621429,3.0,3.0,140.6382143,140.6382143,0.0,0.0,134.7142857,7.0,7.0,0.0,0.0,4.0,-15.57607139999999,1,0
97,79,659,5.242553731640608,0.3809897152557744,0.0,0.0,0.0,0.0,1,0,0,5.242553731640608,619,2,0.0,0.0,0.0,0.0,0.0,1058.293571,0.0,0.0,0.0,0.0,0.0,40,130,,,,,,,750.0021429,750.0021429,2.0,2.0,798.3071429,798.3071429,0.0,0.0,189.9285714,5.0,5.0,0.0,0.0,2.0,-48.305000000000064,1,0
98,80,498,5.227015605558419,0.5104906428401472,0.0,0.0,0.0,0.0,1,0,0,5.227015605558419,469,1,0.0,0.0,0.0,0.0,0.0,883.9760714,0.0,0.0,0.0,0.0,0.0,21,176,,,,,,,897.2478571,897.2478571,3.0,3.0,902.2857143,902.2857143,821.4285714,24.67857143,53.57142857,9.0,9.0,4.0,1.0,1.0,-5.037857199999962,1,0
99,82,419,5.138488811097541,0.3482996771553173,0.0,0.0,0.0,0.0,1,0,0,5.138488811097541,394,1,0.0,0.0,1.0,0.0,0.0,352.7821429,0.0,0.0,0.0,0.0,0.0,33,82,,,,,,,1406.490714,934.3846429,7.0,5.0,1404.483571,934.3846429,0.0,0.0,0.0,9.0,5.0,0.0,0.0,0.0,2.007143000000042,1,0
